-- MySQL dump 10.13  Distrib 8.3.0, for macos12.6 (x86_64)
--
-- Host: localhost    Database: financial_platform
-- ------------------------------------------------------
-- Server version	8.3.0

/*!40101 SET @OLD_CHARACTER_SET_CLIENT=@@CHARACTER_SET_CLIENT */;
/*!40101 SET @OLD_CHARACTER_SET_RESULTS=@@CHARACTER_SET_RESULTS */;
/*!40101 SET @OLD_COLLATION_CONNECTION=@@COLLATION_CONNECTION */;
/*!50503 SET NAMES utf8mb4 */;
/*!40103 SET @OLD_TIME_ZONE=@@TIME_ZONE */;
/*!40103 SET TIME_ZONE='+00:00' */;
/*!40014 SET @OLD_UNIQUE_CHECKS=@@UNIQUE_CHECKS, UNIQUE_CHECKS=0 */;
/*!40014 SET @OLD_FOREIGN_KEY_CHECKS=@@FOREIGN_KEY_CHECKS, FOREIGN_KEY_CHECKS=0 */;
/*!40101 SET @OLD_SQL_MODE=@@SQL_MODE, SQL_MODE='NO_AUTO_VALUE_ON_ZERO' */;
/*!40111 SET @OLD_SQL_NOTES=@@SQL_NOTES, SQL_NOTES=0 */;

--
-- Table structure for table `auth_group`
--

DROP TABLE IF EXISTS `auth_group`;
/*!40101 SET @saved_cs_client     = @@character_set_client */;
/*!50503 SET character_set_client = utf8mb4 */;
CREATE TABLE `auth_group` (
  `id` int NOT NULL AUTO_INCREMENT,
  `name` varchar(80) NOT NULL,
  PRIMARY KEY (`id`),
  UNIQUE KEY `name` (`name`)
) ENGINE=InnoDB DEFAULT CHARSET=utf8mb4 COLLATE=utf8mb4_0900_ai_ci;
/*!40101 SET character_set_client = @saved_cs_client */;

--
-- Dumping data for table `auth_group`
--

LOCK TABLES `auth_group` WRITE;
/*!40000 ALTER TABLE `auth_group` DISABLE KEYS */;
/*!40000 ALTER TABLE `auth_group` ENABLE KEYS */;
UNLOCK TABLES;

--
-- Table structure for table `auth_group_permissions`
--

DROP TABLE IF EXISTS `auth_group_permissions`;
/*!40101 SET @saved_cs_client     = @@character_set_client */;
/*!50503 SET character_set_client = utf8mb4 */;
CREATE TABLE `auth_group_permissions` (
  `id` int NOT NULL AUTO_INCREMENT,
  `group_id` int NOT NULL,
  `permission_id` int NOT NULL,
  PRIMARY KEY (`id`),
  UNIQUE KEY `auth_group_permissions_group_id_permission_id_0cd325b0_uniq` (`group_id`,`permission_id`),
  KEY `auth_group_permissio_permission_id_84c5c92e_fk_auth_perm` (`permission_id`),
  CONSTRAINT `auth_group_permissio_permission_id_84c5c92e_fk_auth_perm` FOREIGN KEY (`permission_id`) REFERENCES `auth_permission` (`id`),
  CONSTRAINT `auth_group_permissions_group_id_b120cbf9_fk_auth_group_id` FOREIGN KEY (`group_id`) REFERENCES `auth_group` (`id`)
) ENGINE=InnoDB DEFAULT CHARSET=utf8mb4 COLLATE=utf8mb4_0900_ai_ci;
/*!40101 SET character_set_client = @saved_cs_client */;

--
-- Dumping data for table `auth_group_permissions`
--

LOCK TABLES `auth_group_permissions` WRITE;
/*!40000 ALTER TABLE `auth_group_permissions` DISABLE KEYS */;
/*!40000 ALTER TABLE `auth_group_permissions` ENABLE KEYS */;
UNLOCK TABLES;

--
-- Table structure for table `auth_permission`
--

DROP TABLE IF EXISTS `auth_permission`;
/*!40101 SET @saved_cs_client     = @@character_set_client */;
/*!50503 SET character_set_client = utf8mb4 */;
CREATE TABLE `auth_permission` (
  `id` int NOT NULL AUTO_INCREMENT,
  `name` varchar(255) NOT NULL,
  `content_type_id` int NOT NULL,
  `codename` varchar(100) NOT NULL,
  PRIMARY KEY (`id`),
  UNIQUE KEY `auth_permission_content_type_id_codename_01ab375a_uniq` (`content_type_id`,`codename`),
  CONSTRAINT `auth_permission_content_type_id_2f476e4b_fk_django_co` FOREIGN KEY (`content_type_id`) REFERENCES `django_content_type` (`id`)
) ENGINE=InnoDB AUTO_INCREMENT=69 DEFAULT CHARSET=utf8mb4 COLLATE=utf8mb4_0900_ai_ci;
/*!40101 SET character_set_client = @saved_cs_client */;

--
-- Dumping data for table `auth_permission`
--

LOCK TABLES `auth_permission` WRITE;
/*!40000 ALTER TABLE `auth_permission` DISABLE KEYS */;
INSERT INTO `auth_permission` VALUES (1,'Can add log entry',1,'add_logentry'),(2,'Can change log entry',1,'change_logentry'),(3,'Can delete log entry',1,'delete_logentry'),(4,'Can view log entry',1,'view_logentry'),(5,'Can add permission',2,'add_permission'),(6,'Can change permission',2,'change_permission'),(7,'Can delete permission',2,'delete_permission'),(8,'Can view permission',2,'view_permission'),(9,'Can add group',3,'add_group'),(10,'Can change group',3,'change_group'),(11,'Can delete group',3,'delete_group'),(12,'Can view group',3,'view_group'),(13,'Can add user',4,'add_user'),(14,'Can change user',4,'change_user'),(15,'Can delete user',4,'delete_user'),(16,'Can view user',4,'view_user'),(17,'Can add content type',5,'add_contenttype'),(18,'Can change content type',5,'change_contenttype'),(19,'Can delete content type',5,'delete_contenttype'),(20,'Can view content type',5,'view_contenttype'),(21,'Can add session',6,'add_session'),(22,'Can change session',6,'change_session'),(23,'Can delete session',6,'delete_session'),(24,'Can view session',6,'view_session'),(25,'Can add comment reply',7,'add_commentreply'),(26,'Can change comment reply',7,'change_commentreply'),(27,'Can delete comment reply',7,'delete_commentreply'),(28,'Can view comment reply',7,'view_commentreply'),(29,'Can add feedback',8,'add_feedback'),(30,'Can change feedback',8,'change_feedback'),(31,'Can delete feedback',8,'delete_feedback'),(32,'Can view feedback',8,'view_feedback'),(33,'Can add history trade',9,'add_historytrade'),(34,'Can change history trade',9,'change_historytrade'),(35,'Can delete history trade',9,'delete_historytrade'),(36,'Can view history trade',9,'view_historytrade'),(37,'Can add manager',10,'add_manager'),(38,'Can change manager',10,'change_manager'),(39,'Can delete manager',10,'delete_manager'),(40,'Can view manager',10,'view_manager'),(41,'Can add news',11,'add_news'),(42,'Can change news',11,'change_news'),(43,'Can delete news',11,'delete_news'),(44,'Can view news',11,'view_news'),(45,'Can add stock',12,'add_stock'),(46,'Can change stock',12,'change_stock'),(47,'Can delete stock',12,'delete_stock'),(48,'Can view stock',12,'view_stock'),(49,'Can add stock comment',13,'add_stockcomment'),(50,'Can change stock comment',13,'change_stockcomment'),(51,'Can delete stock comment',13,'delete_stockcomment'),(52,'Can view stock comment',13,'view_stockcomment'),(53,'Can add trading period',14,'add_tradingperiod'),(54,'Can change trading period',14,'change_tradingperiod'),(55,'Can delete trading period',14,'delete_tradingperiod'),(56,'Can view trading period',14,'view_tradingperiod'),(57,'Can add user',15,'add_user'),(58,'Can change user',15,'change_user'),(59,'Can delete user',15,'delete_user'),(60,'Can view user',15,'view_user'),(61,'Can add user notification',16,'add_usernotification'),(62,'Can change user notification',16,'change_usernotification'),(63,'Can delete user notification',16,'delete_usernotification'),(64,'Can view user notification',16,'view_usernotification'),(65,'Can add watchlist',17,'add_watchlist'),(66,'Can change watchlist',17,'change_watchlist'),(67,'Can delete watchlist',17,'delete_watchlist'),(68,'Can view watchlist',17,'view_watchlist');
/*!40000 ALTER TABLE `auth_permission` ENABLE KEYS */;
UNLOCK TABLES;

--
-- Table structure for table `auth_user`
--

DROP TABLE IF EXISTS `auth_user`;
/*!40101 SET @saved_cs_client     = @@character_set_client */;
/*!50503 SET character_set_client = utf8mb4 */;
CREATE TABLE `auth_user` (
  `id` int NOT NULL AUTO_INCREMENT,
  `password` varchar(128) NOT NULL,
  `last_login` datetime(6) DEFAULT NULL,
  `is_superuser` tinyint(1) NOT NULL,
  `username` varchar(150) NOT NULL,
  `first_name` varchar(30) NOT NULL,
  `last_name` varchar(150) NOT NULL,
  `email` varchar(254) NOT NULL,
  `is_staff` tinyint(1) NOT NULL,
  `is_active` tinyint(1) NOT NULL,
  `date_joined` datetime(6) NOT NULL,
  PRIMARY KEY (`id`),
  UNIQUE KEY `username` (`username`)
) ENGINE=InnoDB DEFAULT CHARSET=utf8mb4 COLLATE=utf8mb4_0900_ai_ci;
/*!40101 SET character_set_client = @saved_cs_client */;

--
-- Dumping data for table `auth_user`
--

LOCK TABLES `auth_user` WRITE;
/*!40000 ALTER TABLE `auth_user` DISABLE KEYS */;
/*!40000 ALTER TABLE `auth_user` ENABLE KEYS */;
UNLOCK TABLES;

--
-- Table structure for table `auth_user_groups`
--

DROP TABLE IF EXISTS `auth_user_groups`;
/*!40101 SET @saved_cs_client     = @@character_set_client */;
/*!50503 SET character_set_client = utf8mb4 */;
CREATE TABLE `auth_user_groups` (
  `id` int NOT NULL AUTO_INCREMENT,
  `user_id` int NOT NULL,
  `group_id` int NOT NULL,
  PRIMARY KEY (`id`),
  UNIQUE KEY `auth_user_groups_user_id_group_id_94350c0c_uniq` (`user_id`,`group_id`),
  KEY `auth_user_groups_group_id_97559544_fk_auth_group_id` (`group_id`),
  CONSTRAINT `auth_user_groups_group_id_97559544_fk_auth_group_id` FOREIGN KEY (`group_id`) REFERENCES `auth_group` (`id`),
  CONSTRAINT `auth_user_groups_user_id_6a12ed8b_fk_auth_user_id` FOREIGN KEY (`user_id`) REFERENCES `auth_user` (`id`)
) ENGINE=InnoDB DEFAULT CHARSET=utf8mb4 COLLATE=utf8mb4_0900_ai_ci;
/*!40101 SET character_set_client = @saved_cs_client */;

--
-- Dumping data for table `auth_user_groups`
--

LOCK TABLES `auth_user_groups` WRITE;
/*!40000 ALTER TABLE `auth_user_groups` DISABLE KEYS */;
/*!40000 ALTER TABLE `auth_user_groups` ENABLE KEYS */;
UNLOCK TABLES;

--
-- Table structure for table `auth_user_user_permissions`
--

DROP TABLE IF EXISTS `auth_user_user_permissions`;
/*!40101 SET @saved_cs_client     = @@character_set_client */;
/*!50503 SET character_set_client = utf8mb4 */;
CREATE TABLE `auth_user_user_permissions` (
  `id` int NOT NULL AUTO_INCREMENT,
  `user_id` int NOT NULL,
  `permission_id` int NOT NULL,
  PRIMARY KEY (`id`),
  UNIQUE KEY `auth_user_user_permissions_user_id_permission_id_14a6b632_uniq` (`user_id`,`permission_id`),
  KEY `auth_user_user_permi_permission_id_1fbb5f2c_fk_auth_perm` (`permission_id`),
  CONSTRAINT `auth_user_user_permi_permission_id_1fbb5f2c_fk_auth_perm` FOREIGN KEY (`permission_id`) REFERENCES `auth_permission` (`id`),
  CONSTRAINT `auth_user_user_permissions_user_id_a95ead1b_fk_auth_user_id` FOREIGN KEY (`user_id`) REFERENCES `auth_user` (`id`)
) ENGINE=InnoDB DEFAULT CHARSET=utf8mb4 COLLATE=utf8mb4_0900_ai_ci;
/*!40101 SET character_set_client = @saved_cs_client */;

--
-- Dumping data for table `auth_user_user_permissions`
--

LOCK TABLES `auth_user_user_permissions` WRITE;
/*!40000 ALTER TABLE `auth_user_user_permissions` DISABLE KEYS */;
/*!40000 ALTER TABLE `auth_user_user_permissions` ENABLE KEYS */;
UNLOCK TABLES;

--
-- Table structure for table `comment_reply`
--

DROP TABLE IF EXISTS `comment_reply`;
/*!40101 SET @saved_cs_client     = @@character_set_client */;
/*!50503 SET character_set_client = utf8mb4 */;
CREATE TABLE `comment_reply` (
  `reply_id` int NOT NULL AUTO_INCREMENT,
  `reply_time` datetime(6) NOT NULL,
  `content` longtext NOT NULL,
  `comment_id_id` int NOT NULL,
  `user_id_id` int NOT NULL,
  PRIMARY KEY (`reply_id`),
  KEY `comment_reply_comment_id_id_678b41f6_fk_stock_comment_comment_id` (`comment_id_id`),
  KEY `comment_reply_user_id_id_029a712c_fk_user_user_id` (`user_id_id`),
  CONSTRAINT `comment_reply_comment_id_id_678b41f6_fk_stock_comment_comment_id` FOREIGN KEY (`comment_id_id`) REFERENCES `stock_comment` (`comment_id`),
  CONSTRAINT `comment_reply_user_id_id_029a712c_fk_user_user_id` FOREIGN KEY (`user_id_id`) REFERENCES `user` (`user_id`)
) ENGINE=InnoDB AUTO_INCREMENT=21 DEFAULT CHARSET=utf8mb4 COLLATE=utf8mb4_0900_ai_ci;
/*!40101 SET character_set_client = @saved_cs_client */;

--
-- Dumping data for table `comment_reply`
--

LOCK TABLES `comment_reply` WRITE;
/*!40000 ALTER TABLE `comment_reply` DISABLE KEYS */;
INSERT INTO `comment_reply` VALUES (1,'2024-03-14 04:14:00.562094','Thank you for your insight!',20,3),(2,'2024-03-14 04:14:00.564654','Thank you for your insight!',19,3),(3,'2024-03-14 04:14:00.567189','Thank you for your insight!',18,3),(4,'2024-03-14 04:14:00.569681','Thank you for your insight!',17,3),(5,'2024-03-14 04:14:00.572420','Thank you for your insight!',16,3),(6,'2024-03-14 04:14:00.574071','Thank you for your insight!',15,3),(7,'2024-03-14 04:14:00.575635','Thank you for your insight!',14,3),(8,'2024-03-14 04:14:00.577153','Thank you for your insight!',13,3),(9,'2024-03-14 04:14:00.578501','Thank you for your insight!',12,3),(10,'2024-03-14 04:14:00.579785','Thank you for your insight!',11,3),(11,'2024-03-14 04:14:00.581217','Thank you for your insight!',10,3),(12,'2024-03-14 04:14:00.582827','Thank you for your insight!',9,3),(13,'2024-03-14 04:14:00.585006','Thank you for your insight!',8,3),(14,'2024-03-14 04:14:00.586938','Thank you for your insight!',7,3),(15,'2024-03-14 04:14:00.588306','Thank you for your insight!',6,3),(16,'2024-03-14 04:14:00.589750','Thank you for your insight!',5,3),(17,'2024-03-14 04:14:00.591469','Thank you for your insight!',4,3),(18,'2024-03-14 04:14:00.593152','Thank you for your insight!',3,3),(19,'2024-03-14 04:14:00.594734','Thank you for your insight!',2,3),(20,'2024-03-14 04:14:00.596122','Thank you for your insight!',1,3);
/*!40000 ALTER TABLE `comment_reply` ENABLE KEYS */;
UNLOCK TABLES;

--
-- Table structure for table `django_admin_log`
--

DROP TABLE IF EXISTS `django_admin_log`;
/*!40101 SET @saved_cs_client     = @@character_set_client */;
/*!50503 SET character_set_client = utf8mb4 */;
CREATE TABLE `django_admin_log` (
  `id` int NOT NULL AUTO_INCREMENT,
  `action_time` datetime(6) NOT NULL,
  `object_id` longtext,
  `object_repr` varchar(200) NOT NULL,
  `action_flag` smallint unsigned NOT NULL,
  `change_message` longtext NOT NULL,
  `content_type_id` int DEFAULT NULL,
  `user_id` int NOT NULL,
  PRIMARY KEY (`id`),
  KEY `django_admin_log_content_type_id_c4bce8eb_fk_django_co` (`content_type_id`),
  KEY `django_admin_log_user_id_c564eba6_fk_auth_user_id` (`user_id`),
  CONSTRAINT `django_admin_log_content_type_id_c4bce8eb_fk_django_co` FOREIGN KEY (`content_type_id`) REFERENCES `django_content_type` (`id`),
  CONSTRAINT `django_admin_log_user_id_c564eba6_fk_auth_user_id` FOREIGN KEY (`user_id`) REFERENCES `auth_user` (`id`)
) ENGINE=InnoDB DEFAULT CHARSET=utf8mb4 COLLATE=utf8mb4_0900_ai_ci;
/*!40101 SET character_set_client = @saved_cs_client */;

--
-- Dumping data for table `django_admin_log`
--

LOCK TABLES `django_admin_log` WRITE;
/*!40000 ALTER TABLE `django_admin_log` DISABLE KEYS */;
/*!40000 ALTER TABLE `django_admin_log` ENABLE KEYS */;
UNLOCK TABLES;

--
-- Table structure for table `django_content_type`
--

DROP TABLE IF EXISTS `django_content_type`;
/*!40101 SET @saved_cs_client     = @@character_set_client */;
/*!50503 SET character_set_client = utf8mb4 */;
CREATE TABLE `django_content_type` (
  `id` int NOT NULL AUTO_INCREMENT,
  `app_label` varchar(100) NOT NULL,
  `model` varchar(100) NOT NULL,
  PRIMARY KEY (`id`),
  UNIQUE KEY `django_content_type_app_label_model_76bd3d3b_uniq` (`app_label`,`model`)
) ENGINE=InnoDB AUTO_INCREMENT=18 DEFAULT CHARSET=utf8mb4 COLLATE=utf8mb4_0900_ai_ci;
/*!40101 SET character_set_client = @saved_cs_client */;

--
-- Dumping data for table `django_content_type`
--

LOCK TABLES `django_content_type` WRITE;
/*!40000 ALTER TABLE `django_content_type` DISABLE KEYS */;
INSERT INTO `django_content_type` VALUES (1,'admin','logentry'),(3,'auth','group'),(2,'auth','permission'),(4,'auth','user'),(5,'contenttypes','contenttype'),(7,'financial_system','commentreply'),(8,'financial_system','feedback'),(9,'financial_system','historytrade'),(10,'financial_system','manager'),(11,'financial_system','news'),(12,'financial_system','stock'),(13,'financial_system','stockcomment'),(14,'financial_system','tradingperiod'),(15,'financial_system','user'),(16,'financial_system','usernotification'),(17,'financial_system','watchlist'),(6,'sessions','session');
/*!40000 ALTER TABLE `django_content_type` ENABLE KEYS */;
UNLOCK TABLES;

--
-- Table structure for table `django_migrations`
--

DROP TABLE IF EXISTS `django_migrations`;
/*!40101 SET @saved_cs_client     = @@character_set_client */;
/*!50503 SET character_set_client = utf8mb4 */;
CREATE TABLE `django_migrations` (
  `id` int NOT NULL AUTO_INCREMENT,
  `app` varchar(255) NOT NULL,
  `name` varchar(255) NOT NULL,
  `applied` datetime(6) NOT NULL,
  PRIMARY KEY (`id`)
) ENGINE=InnoDB AUTO_INCREMENT=17 DEFAULT CHARSET=utf8mb4 COLLATE=utf8mb4_0900_ai_ci;
/*!40101 SET character_set_client = @saved_cs_client */;

--
-- Dumping data for table `django_migrations`
--

LOCK TABLES `django_migrations` WRITE;
/*!40000 ALTER TABLE `django_migrations` DISABLE KEYS */;
INSERT INTO `django_migrations` VALUES (1,'contenttypes','0001_initial','2024-03-14 04:13:16.379961'),(2,'auth','0001_initial','2024-03-14 04:13:16.688309'),(3,'admin','0001_initial','2024-03-14 04:13:16.756833'),(4,'admin','0002_logentry_remove_auto_add','2024-03-14 04:13:16.773400'),(5,'admin','0003_logentry_add_action_flag_choices','2024-03-14 04:13:16.786957'),(6,'contenttypes','0002_remove_content_type_name','2024-03-14 04:13:16.875746'),(7,'auth','0002_alter_permission_name_max_length','2024-03-14 04:13:16.936489'),(8,'auth','0003_alter_user_email_max_length','2024-03-14 04:13:16.975549'),(9,'auth','0004_alter_user_username_opts','2024-03-14 04:13:16.989382'),(10,'auth','0005_alter_user_last_login_null','2024-03-14 04:13:17.044185'),(11,'auth','0006_require_contenttypes_0002','2024-03-14 04:13:17.048584'),(12,'auth','0007_alter_validators_add_error_messages','2024-03-14 04:13:17.061004'),(13,'auth','0008_alter_user_username_max_length','2024-03-14 04:13:17.118215'),(14,'auth','0009_alter_user_last_name_max_length','2024-03-14 04:13:17.172542'),(15,'financial_system','0001_initial','2024-03-14 04:13:17.842328'),(16,'sessions','0001_initial','2024-03-14 04:13:17.870327');
/*!40000 ALTER TABLE `django_migrations` ENABLE KEYS */;
UNLOCK TABLES;

--
-- Table structure for table `django_session`
--

DROP TABLE IF EXISTS `django_session`;
/*!40101 SET @saved_cs_client     = @@character_set_client */;
/*!50503 SET character_set_client = utf8mb4 */;
CREATE TABLE `django_session` (
  `session_key` varchar(40) NOT NULL,
  `session_data` longtext NOT NULL,
  `expire_date` datetime(6) NOT NULL,
  PRIMARY KEY (`session_key`),
  KEY `django_session_expire_date_a5c62663` (`expire_date`)
) ENGINE=InnoDB DEFAULT CHARSET=utf8mb4 COLLATE=utf8mb4_0900_ai_ci;
/*!40101 SET character_set_client = @saved_cs_client */;

--
-- Dumping data for table `django_session`
--

LOCK TABLES `django_session` WRITE;
/*!40000 ALTER TABLE `django_session` DISABLE KEYS */;
/*!40000 ALTER TABLE `django_session` ENABLE KEYS */;
UNLOCK TABLES;

--
-- Table structure for table `feedback`
--

DROP TABLE IF EXISTS `feedback`;
/*!40101 SET @saved_cs_client     = @@character_set_client */;
/*!50503 SET character_set_client = utf8mb4 */;
CREATE TABLE `feedback` (
  `id` int NOT NULL AUTO_INCREMENT,
  `email` varchar(254) NOT NULL,
  `title` varchar(255) NOT NULL,
  `content` longtext NOT NULL,
  `created_at` datetime(6) NOT NULL,
  `user_id` int DEFAULT NULL,
  PRIMARY KEY (`id`),
  KEY `feedback_user_id_0104a377_fk_user_user_id` (`user_id`),
  CONSTRAINT `feedback_user_id_0104a377_fk_user_user_id` FOREIGN KEY (`user_id`) REFERENCES `user` (`user_id`)
) ENGINE=InnoDB AUTO_INCREMENT=5 DEFAULT CHARSET=utf8mb4 COLLATE=utf8mb4_0900_ai_ci;
/*!40101 SET character_set_client = @saved_cs_client */;

--
-- Dumping data for table `feedback`
--

LOCK TABLES `feedback` WRITE;
/*!40000 ALTER TABLE `feedback` DISABLE KEYS */;
INSERT INTO `feedback` VALUES (1,'','Great App!','Really enjoyed using this app. Great work!','2024-03-14 04:14:00.623827',1),(2,'','Feature Request','Could you add a dark mode?','2024-03-14 04:14:00.626473',2),(3,'','Bug Report','Found a bug in the latest version, please check.','2024-03-14 04:14:00.628424',3),(4,'','Thank You!','Thank you for the constant updates and improvements.','2024-03-14 04:14:00.629945',4);
/*!40000 ALTER TABLE `feedback` ENABLE KEYS */;
UNLOCK TABLES;

--
-- Table structure for table `history_trade`
--

DROP TABLE IF EXISTS `history_trade`;
/*!40101 SET @saved_cs_client     = @@character_set_client */;
/*!50503 SET character_set_client = utf8mb4 */;
CREATE TABLE `history_trade` (
  `id` int NOT NULL AUTO_INCREMENT,
  `trade_price` double NOT NULL,
  `trade_quantity` int unsigned NOT NULL,
  `trade_dateTime` varchar(40) NOT NULL,
  `trade_type` varchar(4) NOT NULL,
  `stock_symbol_id` varchar(10) NOT NULL,
  `user_id_id` int NOT NULL,
  PRIMARY KEY (`id`),
  KEY `history_trade_stock_symbol_id_423e50ee_fk_stock_symbol` (`stock_symbol_id`),
  KEY `history_trade_user_id_id_87e57876_fk_user_user_id` (`user_id_id`),
  CONSTRAINT `history_trade_stock_symbol_id_423e50ee_fk_stock_symbol` FOREIGN KEY (`stock_symbol_id`) REFERENCES `stock` (`symbol`),
  CONSTRAINT `history_trade_user_id_id_87e57876_fk_user_user_id` FOREIGN KEY (`user_id_id`) REFERENCES `user` (`user_id`)
) ENGINE=InnoDB AUTO_INCREMENT=66 DEFAULT CHARSET=utf8mb4 COLLATE=utf8mb4_0900_ai_ci;
/*!40101 SET character_set_client = @saved_cs_client */;

--
-- Dumping data for table `history_trade`
--

LOCK TABLES `history_trade` WRITE;
/*!40000 ALTER TABLE `history_trade` DISABLE KEYS */;
INSERT INTO `history_trade` VALUES (1,100,10,'2024-03-08 04:13:59.959109+00:00','BUY','BA',1),(2,100,10,'2024-03-13 04:13:59.966163+00:00','BUY','AXP',1),(3,100,10,'2024-02-23 04:13:59.975228+00:00','BUY','MSFT',1),(4,100,10,'2024-02-22 04:13:59.984897+00:00','BUY','GSHD',1),(5,100,10,'2024-03-08 04:13:59.992709+00:00','BUY','CSCO',1),(6,100,10,'2024-02-20 04:14:00.000737+00:00','BUY','MRK',1),(7,100,10,'2024-03-10 04:14:00.013080+00:00','BUY','AMGN',1),(8,100,10,'2024-02-20 04:14:00.025295+00:00','BUY','CRM',1),(9,100,5,'2024-03-14 04:14:00','SELL','GSHD',1),(10,100,5,'2024-03-14 04:14:00','SELL','CSCO',1),(11,100,5,'2024-03-14 04:14:00','SELL','MRK',1),(12,100,5,'2024-03-14 04:14:00','SELL','AMGN',1),(13,100,5,'2024-03-14 04:14:00','SELL','CRM',1),(14,100,10,'2024-03-05 04:14:00.063748+00:00','BUY','BA',2),(15,100,10,'2024-03-11 04:14:00.069303+00:00','BUY','AXP',2),(16,100,10,'2024-03-08 04:14:00.075242+00:00','BUY','MSFT',2),(17,100,10,'2024-03-01 04:14:00.079980+00:00','BUY','GSHD',2),(18,100,10,'2024-02-28 04:14:00.087483+00:00','BUY','CSCO',2),(19,100,10,'2024-03-04 04:14:00.093840+00:00','BUY','MRK',2),(20,100,10,'2024-03-01 04:14:00.098684+00:00','BUY','AMGN',2),(21,100,10,'2024-03-06 04:14:00.104521+00:00','BUY','CRM',2),(22,100,5,'2024-03-14 04:14:00','SELL','GSHD',2),(23,100,5,'2024-03-14 04:14:00','SELL','CSCO',2),(24,100,5,'2024-03-14 04:14:00','SELL','MRK',2),(25,100,5,'2024-03-14 04:14:00','SELL','AMGN',2),(26,100,5,'2024-03-14 04:14:00','SELL','CRM',2),(27,100,10,'2024-03-11 04:14:00.137306+00:00','BUY','BA',3),(28,100,10,'2024-03-01 04:14:00.142087+00:00','BUY','AXP',3),(29,100,10,'2024-03-01 04:14:00.147383+00:00','BUY','MSFT',3),(30,100,10,'2024-02-20 04:14:00.152188+00:00','BUY','GSHD',3),(31,100,10,'2024-02-17 04:14:00.156581+00:00','BUY','CSCO',3),(32,100,10,'2024-02-13 04:14:00.162487+00:00','BUY','MRK',3),(33,100,10,'2024-02-20 04:14:00.167513+00:00','BUY','AMGN',3),(34,100,10,'2024-03-07 04:14:00.173730+00:00','BUY','CRM',3),(35,100,5,'2024-03-14 04:14:00','SELL','GSHD',3),(36,100,5,'2024-03-14 04:14:00','SELL','CSCO',3),(37,100,5,'2024-03-14 04:14:00','SELL','MRK',3),(38,100,5,'2024-03-14 04:14:00','SELL','AMGN',3),(39,100,5,'2024-03-14 04:14:00','SELL','CRM',3),(40,100,10,'2024-03-08 04:14:00.209157+00:00','BUY','BA',4),(41,100,10,'2024-03-04 04:14:00.213817+00:00','BUY','AXP',4),(42,100,10,'2024-03-01 04:14:00.220522+00:00','BUY','MSFT',4),(43,100,10,'2024-03-01 04:14:00.229875+00:00','BUY','GSHD',4),(44,100,10,'2024-02-26 04:14:00.241729+00:00','BUY','CSCO',4),(45,100,10,'2024-03-11 04:14:00.246833+00:00','BUY','MRK',4),(46,100,10,'2024-03-08 04:14:00.253611+00:00','BUY','AMGN',4),(47,100,10,'2024-02-27 04:14:00.262292+00:00','BUY','CRM',4),(48,100,5,'2024-03-14 04:14:00','SELL','GSHD',4),(49,100,5,'2024-03-14 04:14:00','SELL','CSCO',4),(50,100,5,'2024-03-14 04:14:00','SELL','MRK',4),(51,100,5,'2024-03-14 04:14:00','SELL','AMGN',4),(52,100,5,'2024-03-14 04:14:00','SELL','CRM',4),(53,100,10,'2024-03-07 04:14:00.310755+00:00','BUY','BA',5),(54,100,10,'2024-02-27 04:14:00.315686+00:00','BUY','AXP',5),(55,100,10,'2024-02-28 04:14:00.320943+00:00','BUY','MSFT',5),(56,100,10,'2024-02-15 04:14:00.325948+00:00','BUY','GSHD',5),(57,100,10,'2024-02-13 04:14:00.331077+00:00','BUY','CSCO',5),(58,100,10,'2024-03-04 04:14:00.337048+00:00','BUY','MRK',5),(59,100,10,'2024-03-10 04:14:00.342734+00:00','BUY','AMGN',5),(60,100,10,'2024-03-02 04:14:00.348070+00:00','BUY','CRM',5),(61,100,5,'2024-03-14 04:14:00','SELL','GSHD',5),(62,100,5,'2024-03-14 04:14:00','SELL','CSCO',5),(63,100,5,'2024-03-14 04:14:00','SELL','MRK',5),(64,100,5,'2024-03-14 04:14:00','SELL','AMGN',5),(65,100,5,'2024-03-14 04:14:00','SELL','CRM',5);
/*!40000 ALTER TABLE `history_trade` ENABLE KEYS */;
UNLOCK TABLES;

--
-- Table structure for table `manager`
--

DROP TABLE IF EXISTS `manager`;
/*!40101 SET @saved_cs_client     = @@character_set_client */;
/*!50503 SET character_set_client = utf8mb4 */;
CREATE TABLE `manager` (
  `manager_id` int NOT NULL AUTO_INCREMENT,
  `manager_name` varchar(45) NOT NULL,
  `password` varchar(45) NOT NULL,
  `phone_number` varchar(45) NOT NULL,
  `photo_url` varchar(45) NOT NULL,
  PRIMARY KEY (`manager_id`)
) ENGINE=InnoDB AUTO_INCREMENT=3 DEFAULT CHARSET=utf8mb4 COLLATE=utf8mb4_0900_ai_ci;
/*!40101 SET character_set_client = @saved_cs_client */;

--
-- Dumping data for table `manager`
--

LOCK TABLES `manager` WRITE;
/*!40000 ALTER TABLE `manager` DISABLE KEYS */;
INSERT INTO `manager` VALUES (1,'Manager1','securepassword1','1111111111','url/to/manager1/photo'),(2,'Manager2','securepassword2','2222222222','url/to/manager2/photo');
/*!40000 ALTER TABLE `manager` ENABLE KEYS */;
UNLOCK TABLES;

--
-- Table structure for table `news`
--

DROP TABLE IF EXISTS `news`;
/*!40101 SET @saved_cs_client     = @@character_set_client */;
/*!50503 SET character_set_client = utf8mb4 */;
CREATE TABLE `news` (
  `id` int NOT NULL AUTO_INCREMENT,
  `uuid` varchar(255) NOT NULL,
  `title` varchar(255) NOT NULL,
  `publisher` varchar(255) DEFAULT NULL,
  `link` varchar(200) DEFAULT NULL,
  `providerPublishTime` datetime(6) DEFAULT NULL,
  `type` varchar(50) DEFAULT NULL,
  `photo_url` varchar(1000) DEFAULT NULL,
  `relatedTickers` longtext,
  PRIMARY KEY (`id`),
  UNIQUE KEY `uuid` (`uuid`)
) ENGINE=InnoDB AUTO_INCREMENT=211 DEFAULT CHARSET=utf8mb4 COLLATE=utf8mb4_0900_ai_ci;
/*!40101 SET character_set_client = @saved_cs_client */;

--
-- Dumping data for table `news`
--

LOCK TABLES `news` WRITE;
/*!40000 ALTER TABLE `news` DISABLE KEYS */;
INSERT INTO `news` VALUES (1,'01a8b1a0-042a-321c-b4f2-a9e0ad909ac9','Investigators have removed black boxes from LATAM’s plane that dropped suddenly','CNN Business','https://finance.yahoo.com/m/01a8b1a0-042a-321c-b4f2-a9e0ad909ac9/investigators-have-removed.html','2024-03-14 00:00:00.000000','STORY','https://s.yimg.com/uu/api/res/1.2/Ck3ZZoaHICDKb4bg5g8W4w--~B/aD01NDA7dz05NjA7YXBwaWQ9eXRhY2h5b24-/https://media.zenfs.com/en/cnn_business_articles_218/f79c47f41c5e7231049536bfe4e00eaf','BA,LTMAY'),(2,'ca9f4d03-128c-3379-921c-9f850ffec1be','Exclusive-Europe regulator says it would pull Boeing approval if needed','Reuters','https://finance.yahoo.com/news/exclusive-europe-regulator-says-pull-004642750.html','2024-03-14 00:00:00.000000','STORY','https://s.yimg.com/uu/api/res/1.2/aAKX0C9IXayOYnrBkW.1WQ--~B/aD01NDE7dz04MDA7YXBwaWQ9eXRhY2h5b24-/https://media.zenfs.com/en/reuters-finance.com/360fe7e9b0df9babeee7b8bc64710178','BA'),(3,'ac63a221-e261-3ffd-ad13-3482f0adb64c','UPDATE 2-Movement of pilot\'s seat a focus of probe into LATAM Boeing flight, report says','Reuters','https://finance.yahoo.com/news/1-pilot-seat-movement-focus-003222886.html','2024-03-14 00:00:00.000000','STORY',NULL,'BA,LTMAY'),(4,'a0ef4ba8-79bb-3c95-9175-d4827d7fac70','Movement of pilot\'s seat a focus of probe into LATAM Boeing flight, report says','Reuters','https://finance.yahoo.com/news/pilot-seat-movement-focus-probe-235431287.html','2024-03-13 00:00:00.000000','STORY','https://s.yimg.com/uu/api/res/1.2/G7HodrSr2eoqAYlimL04nA--~B/aD00ODA7dz02NDA7YXBwaWQ9eXRhY2h5b24-/https://media.zenfs.com/en/reuters-finance.com/f6653eaabd97a3677db71c36598abbb5','BA,LTMAY'),(5,'634f3af3-5874-3308-a617-6b382739c50c','Pilot seat movement a focus of probe into LATAM Boeing flight, report says','Reuters','https://finance.yahoo.com/news/pilot-seat-movement-focus-probe-234905301.html','2024-03-13 00:00:00.000000','STORY',NULL,'BA,LTMAY'),(6,'7d19716e-4c83-3337-81e8-3aeef30d1dfc','Investigator says she asked Boeing\'s CEO who handled panel that blew off a jet. He couldn\'t help her','Associated Press Finance','https://finance.yahoo.com/news/investigator-says-she-asked-boeings-225907522.html','2024-03-13 00:00:00.000000','STORY','https://s.yimg.com/uu/api/res/1.2/3R1vY5ANG7JZjSdiO_LHbQ--~B/aD0zNTkyO3c9NTY2MDthcHBpZD15dGFjaHlvbg--/https://media.zenfs.com/en/ap_finance_articles_694/246a0de03d53c4a3a35066709a465cbb','BA'),(7,'1473bb14-f7c9-3a14-a53c-7f44801a3865','Up To 40% Of Americans Fear Air Travel, And Boeing\'s Issues Aren\'t Helping — Here Are 2 Ways To Try To Avoid Being On A Boeing Plane','Benzinga','https://finance.yahoo.com/news/40-americans-fear-air-travel-223016699.html','2024-03-13 00:00:00.000000','STORY','https://s.yimg.com/uu/api/res/1.2/H6lN4syifThGt2EQNdYNgA--~B/aD01NTM7dz05ODM7YXBwaWQ9eXRhY2h5b24-/https://media.zenfs.com/en/Benzinga/203d7750f6e4772bd0f8cb65684b9e7c','BA'),(8,'3ad58c80-65b3-3d6a-935a-70f8f757c91b','Boeing (BA) Suffers a Larger Drop Than the General Market: Key Insights','Zacks','https://finance.yahoo.com/news/boeing-ba-suffers-larger-drop-215020763.html','2024-03-13 00:00:00.000000','STORY','https://s.yimg.com/uu/api/res/1.2/UYup8AGIrn99rMsHiTllqA--~B/aD04NzY7dz05MDA7YXBwaWQ9eXRhY2h5b24-/https://media.zenfs.com/en/zacks.com/d0d4ab152198da2f423d92da8a7d22ee','BA'),(9,'af692423-f8f8-39e9-8bca-d75326a73b93','Payments Industry to Thrive in Experience-Driven Travel Era','Zacks','https://finance.yahoo.com/news/payments-industry-thrive-experience-driven-134100482.html','2024-03-13 00:00:00.000000','STORY','https://s.yimg.com/uu/api/res/1.2/W43an4OwwLCDny4FjSQaeQ--~B/aD0zNTQ7dz02MjA7YXBwaWQ9eXRhY2h5b24-/https://media.zenfs.com/en/zacks.com/677f8fbfee486c65330231ee7aa94138','V,AXP,MA'),(10,'5912f84e-4371-394b-8d61-c80852bbbbff','AmEx (AXP) Takes POINT.ME\'s Help to Ease Reward Flight Search','Zacks','https://finance.yahoo.com/news/amex-axp-takes-point-mes-161400804.html','2024-03-12 00:00:00.000000','STORY','https://s.yimg.com/uu/api/res/1.2/gDEq0bKkXXAZOgDDqPcC2A--~B/aD00MTM7dz02MjA7YXBwaWQ9eXRhY2h5b24-/https://media.zenfs.com/en/zacks.com/4ed4c01ed91c66e7841b35522fa27009','AXP,AMK'),(11,'9be3cf62-35c6-3318-8098-b643ade91564','ACI Worldwide (ACIW), comforte AG Team Up to Modernize Payments','Zacks','https://finance.yahoo.com/news/aci-worldwide-aciw-comforte-ag-160500422.html','2024-03-12 00:00:00.000000','STORY','https://s.yimg.com/uu/api/res/1.2/ZC8OyWBw5yTSm60pOxYbCQ--~B/aD00MTM7dz02MjA7YXBwaWQ9eXRhY2h5b24-/https://media.zenfs.com/en/zacks.com/ee890f2c97d802ce33d12d0ecb9fcf51','ACIW,AXP'),(12,'159c221d-8f62-300f-bdd2-2f0c933a5ee5','Buffett\'s Winning Trio: Unveiling The 3 Stocks Driving His Remarkable Returns','Benzinga','https://finance.yahoo.com/news/buffetts-winning-trio-unveiling-3-150013240.html','2024-03-12 00:00:00.000000','STORY','https://s.yimg.com/uu/api/res/1.2/WLrLRPfivC.U_zSmAja6pw--~B/aD01NjM7dz0xMDAwO2FwcGlkPXl0YWNoeW9u/https://media.zenfs.com/en/Benzinga/612ca11832387bb0ce53885331246acb','BRK-B,AXP,AAPL,KO'),(13,'cc815a81-4d33-3ec1-9b26-551c9cb8f7f8','Intercontinental (ICE) Enhances Offerings With MSCI Index TRFs','Zacks','https://finance.yahoo.com/news/intercontinental-ice-enhances-offerings-msci-142200875.html','2024-03-12 00:00:00.000000','STORY','https://s.yimg.com/uu/api/res/1.2/75Uyc.avUEO.Rc7FCJh_vQ--~B/aD0zNzI7dz02MjA7YXBwaWQ9eXRhY2h5b24-/https://media.zenfs.com/en/zacks.com/d8e716ad8bb9f0785b7598047d361bd1','ICE,AXP'),(14,'4bce92b6-4aa6-30e2-96cc-4ef81e2714f9','American Express Reveals 2024 Top Travel Trends','Business Wire','https://finance.yahoo.com/news/american-express-reveals-2024-top-130000615.html','2024-03-12 00:00:00.000000','STORY','https://s.yimg.com/uu/api/res/1.2/y0LpMJJTDsYSIJ7PQw9xpg--~B/aD0zMjA7dz00ODA7YXBwaWQ9eXRhY2h5b24-/https://media.zenfs.com/en/business-wire.com/29282e869bdf29d6f313778cae9312c5','AXP'),(15,'0c08ceca-e2e6-3fdf-9a80-ed670d527fbc','The Zacks Analyst Blog Highlights American Express, The Travelers Companies, Parker- Hannifin, General Motors and Colgate-Palmolive','Zacks','https://finance.yahoo.com/news/zacks-analyst-blog-highlights-american-120200089.html','2024-03-12 00:00:00.000000','STORY','https://s.yimg.com/uu/api/res/1.2/uZBi8j9RXNGrCljauXeEzA--~B/aD00MDA7dz02MzU7YXBwaWQ9eXRhY2h5b24-/https://media.zenfs.com/en/zacks.com/82f836a6a38c3f356a9c7ca2bcbb26f2','TRV,AXP,GM,CL,PH,^GSPC'),(16,'a0050ca8-27b1-3c91-bb53-6b81ef76984a','Why American Express (AXP) is a Top Growth Stock for the Long-Term','Zacks','https://finance.yahoo.com/news/why-american-express-axp-top-134511338.html','2024-03-11 00:00:00.000000','STORY','https://s.yimg.com/uu/api/res/1.2/5w_iAw5naBqMPrzpIECi9Q--~B/aD02NzU7dz05MDA7YXBwaWQ9eXRhY2h5b24-/https://media.zenfs.com/en/zacks.com/670d1917693293f70179651625deb88f','AXP'),(17,'3fd2e7b8-516f-33b6-a33f-28af951bbadc','Microsoft (MSFT) Stock Moves -0.04%: What You Should Know','Zacks','https://finance.yahoo.com/news/microsoft-msft-stock-moves-0-214521463.html','2024-03-13 00:00:00.000000','STORY','https://s.yimg.com/uu/api/res/1.2/wXNaNKXxuWlbebD.cUCv9g--~B/aD02MDA7dz05MDA7YXBwaWQ9eXRhY2h5b24-/https://media.zenfs.com/en/zacks.com/f541c90e0d995722d10914cb76a7c653','MSFT'),(18,'9e751cdb-cd65-384d-80e6-141d61c88f64','AI could reshape ad budgets and marketing strategies','Yahoo Finance Video','https://finance.yahoo.com/video/ai-could-reshape-ad-budgets-214228104.html','2024-03-13 00:00:00.000000','VIDEO','https://s.yimg.com/uu/api/res/1.2/Lz6cq2nvZybKsu1opcdbnA--~B/aD0yNzAwO3c9NDgwMDthcHBpZD15dGFjaHlvbg--/https://s.yimg.com/os/creatr-uploaded-images/2024-03/d4e78b90-e17d-11ee-bf57-07a41cc961e8','MSFT,RAMP,GOOG,APP,TTD'),(19,'dc6cadd8-873b-3170-a326-e08b255896ce','Rock-Solid Demand Goes Beyond AI Stocks Like Nvidia. Here\'s Proof.','Investor\'s Business Daily','https://finance.yahoo.com/m/dc6cadd8-873b-3170-a326-e08b255896ce/rock-solid-demand-goes-beyond.html','2024-03-13 00:00:00.000000','STORY','https://s.yimg.com/uu/api/res/1.2/9QD96l61ycYCp4EJv1KQuw--~B/aD01NjM7dz0xMDAwO2FwcGlkPXl0YWNoeW9u/https://media.zenfs.com/en/ibd.com/44efb34ec0306fbfb7a41d0025684685','GVA,NVDA,META,MSFT'),(20,'b96e1279-7096-3786-ae20-494198c4d218','Microsoft to Launch AI Assistant for Security Products','The Wall Street Journal','https://finance.yahoo.com/m/b96e1279-7096-3786-ae20-494198c4d218/microsoft-to-launch-ai.html','2024-03-13 00:00:00.000000','STORY','https://s.yimg.com/uu/api/res/1.2/HKmu5XEMXLFaAG_7HQuS_Q--~B/aD02NDA7dz0xMjgwO2FwcGlkPXl0YWNoeW9u/https://media.zenfs.com/en/wsj.com/66673899143d3e658eb1fe1e72717321','MSFT'),(21,'1931d41a-b022-4e1c-b594-f050d4d0947b','It’s not all doom and gloom for Apple in 2024','Yahoo Finance','https://finance.yahoo.com/news/its-not-all-doom-and-gloom-for-apple-in-2024-202332782.html','2024-03-13 00:00:00.000000','STORY','https://s.yimg.com/uu/api/res/1.2/f9TvSxAWIMih_PyQ79CGkQ--~B/aD00NTEyO3c9Njc2OTthcHBpZD15dGFjaHlvbg--/https://s.yimg.com/os/creatr-uploaded-images/2024-02/ae73f1a0-da35-11ee-bbf7-527366849db2','MSFT,NVDA,AAPL,^GSPC'),(22,'4e2b4e6c-5498-3d88-a376-0c5308eb520c','TikTok May Be Up for Sale Soon. Who Would Buy It?','Barrons.com','https://finance.yahoo.com/m/4e2b4e6c-5498-3d88-a376-0c5308eb520c/tiktok-may-be-up-for-sale.html','2024-03-13 00:00:00.000000','STORY','https://s.yimg.com/uu/api/res/1.2/9gJULoD_6Hc8RqTk1H.qgw--~B/aD02NDA7dz0xMjgwO2FwcGlkPXl0YWNoeW9u/https://media.zenfs.com/en/Barrons.com/b178118c5461b9ac8de4939016f6238d','ORCL,MSFT'),(23,'4ecb5d7b-743f-3262-b1bd-e4e80377bc1d','What Does Amazon Want With Nuclear?','Heatmap News','https://finance.yahoo.com/m/4ecb5d7b-743f-3262-b1bd-e4e80377bc1d/what-does-amazon-want-with.html','2024-03-13 00:00:00.000000','STORY','https://s.yimg.com/uu/api/res/1.2/uyka7MQqTuqFvh5ne9SV.w--~B/aD04MDA7dz0xMjAwO2FwcGlkPXl0YWNoeW9u/https://media.zenfs.com/en/heatmap_news_568/7c2a328ff7301d8bf2cb03a3141e7975','AMZN,MSFT,GOOG'),(24,'2ff1126b-cce8-333e-9d26-d4d0c2f05325','ChatGPT users to get access to news content from Le Monde, Prisa Media','Reuters','https://finance.yahoo.com/news/chatgpt-users-access-news-content-173806367.html','2024-03-13 00:00:00.000000','STORY','https://s.yimg.com/uu/api/res/1.2/tnKnoSCeZGeQeJ.7HGacpQ--~B/aD00NjY7dz04MDA7YXBwaWQ9eXRhY2h5b24-/https://media.zenfs.com/en/reuters-finance.com/c9e7a6bfa58913c25eb82e20856f6989','MSFT'),(25,'eed078b8-254a-34b8-aee9-8abfeac9055c','MURGY or GSHD: Which Is the Better Value Stock Right Now?','Zacks','https://finance.yahoo.com/news/murgy-gshd-better-value-stock-164010733.html','2024-03-01 00:00:00.000000','STORY','https://s.yimg.com/uu/api/res/1.2/nxwFIPS2ImeTQYZMYlnAgg--~B/aD02MDA7dz05MDA7YXBwaWQ9eXRhY2h5b24-/https://media.zenfs.com/en/zacks.com/1a018a29aef5adbf5b4319f32058e209','GSHD'),(26,'a199a9a4-f090-3959-b708-9510dd0b0521','Insider Spends US$369k Buying More Shares In Goosehead Insurance','Simply Wall St.','https://finance.yahoo.com/news/insider-spends-us-369k-buying-103604398.html','2024-02-29 00:00:00.000000','STORY','https://s.yimg.com/uu/api/res/1.2/Y_vIYLkkEA5HYgNxQv92Og--~B/aD00MzI7dz0xMTk0O2FwcGlkPXl0YWNoeW9u/https://media.zenfs.com/en/simply_wall_st__316/cffbea492babb121240b33035b679148','GSHD'),(27,'76cd06b7-08a0-38b8-bfb6-d8fdf8aa9663','Goosehead Insurance Inc President and COO Mark Miller Acquires 5,000 Shares','GuruFocus.com','https://finance.yahoo.com/news/goosehead-insurance-inc-president-coo-042130898.html','2024-02-28 00:00:00.000000','STORY','https://s.yimg.com/uu/api/res/1.2/GM24fIGCazeafBLc6pYuCg--~B/aD01NDM7dz0xMjQyO2FwcGlkPXl0YWNoeW9u/https://media.zenfs.com/en/us.finance.gurufocus/05f9129ed690860a088eb460206d25ba','GSHD'),(28,'b98cae7c-04ae-34b4-a269-d9fe07c589dd','Is Goosehead Insurance (GSHD) a Good Long-Term Investment?','Insider Monkey','https://finance.yahoo.com/news/goosehead-insurance-gshd-good-long-110712025.html','2024-02-23 00:00:00.000000','STORY','https://s.yimg.com/uu/api/res/1.2/XhkU2CCBHE9ZnPbaLrELkg--~B/aD00MzA7dz03Njg7YXBwaWQ9eXRhY2h5b24-/https://media.zenfs.com/en/insidermonkey.com/3f4822ceda2005405ed96a04c10503ac','GSHD'),(29,'73e22a67-88f7-3f98-a7e5-9ec4d80eea1b','Here\'s Why Goosehead Insurance (NASDAQ:GSHD) Has Caught The Eye Of Investors','Simply Wall St.','https://finance.yahoo.com/news/heres-why-goosehead-insurance-nasdaq-103203858.html','2024-02-23 00:00:00.000000','STORY','https://s.yimg.com/uu/api/res/1.2/Y_vIYLkkEA5HYgNxQv92Og--~B/aD00MzI7dz0xMTk0O2FwcGlkPXl0YWNoeW9u/https://media.zenfs.com/en/simply_wall_st__316/cffbea492babb121240b33035b679148','GSHD'),(30,'f6cb53e6-0d8c-338b-8733-f0644426bf25','Goosehead Insurance, Inc (NASDAQ:GSHD) Q4 2023 Earnings Call Transcript','Insider Monkey','https://finance.yahoo.com/news/goosehead-insurance-inc-nasdaq-gshd-154106595.html','2024-02-22 00:00:00.000000','STORY','https://s.yimg.com/uu/api/res/1.2/Ftx2a04o1INh1hMznHH1vg--~B/aD04MTY7dz0xNDU2O2FwcGlkPXl0YWNoeW9u/https://media.zenfs.com/en/insidermonkey.com/34411bc639776580447fb559f4a240e9','GSHD'),(31,'2e3d815c-2855-3580-8150-675101077d9f','Q4 2023 Goosehead Insurance Inc Earnings Call','Thomson Reuters StreetEvents','https://finance.yahoo.com/news/q4-2023-goosehead-insurance-inc-121505894.html','2024-02-22 00:00:00.000000','STORY',NULL,'GSHD'),(32,'1a54afbc-90d9-3ea5-ae77-bf4775bd13ec','Goosehead Insurance (GSHD) Q4 2023 Earnings Call Transcript','Motley Fool','https://finance.yahoo.com/m/1a54afbc-90d9-3ea5-ae77-bf4775bd13ec/goosehead-insurance-%28gshd%29-q4.html','2024-02-22 00:00:00.000000','STORY','https://s.yimg.com/uu/api/res/1.2/AgPxjmk.l0_x4qaFILkqiQ--~B/aD00Mjc7dz00MDA7YXBwaWQ9eXRhY2h5b24-/https://media.zenfs.com/en/motleyfool.com/e48e86dda35543079ee2080fd9208b73','GSHD'),(33,'9bf341f3-3aca-3e0d-8e8a-4d371630b227','Cisco and Raymond James to Host a Tech Talk at OFC 2024','PR Newswire','https://finance.yahoo.com/news/cisco-raymond-james-host-tech-120000898.html','2024-03-13 00:00:00.000000','STORY','https://s.yimg.com/uu/api/res/1.2/NJuKXXv_ZAk1qWCy.4yHiQ--~B/aD0yMTE7dz00MDA7YXBwaWQ9eXRhY2h5b24-/https://media.zenfs.com/en/prnewswire.com/37abecd2e41a8470fe0b2695389c0125','CSCO'),(34,'010de989-6c94-3570-810e-f3ce13bd69ee','RAI Amsterdam Selects Cisco and Radware for Cloud Security','GlobeNewswire','https://finance.yahoo.com/news/rai-amsterdam-selects-cisco-radware-100000967.html','2024-03-13 00:00:00.000000','STORY','https://s.yimg.com/uu/api/res/1.2/qtVycFrTyZ.VAEgKhtNHRA--~B/aD04Njt3PTUxMzthcHBpZD15dGFjaHlvbg--/https://media.zenfs.com/en/globenewswire.com/56f1a80717c7a16b73f55bf61b568a98','RDWR,CSCO'),(35,'0030ffe7-4772-3721-8bda-5c262d9e9875','Insider Sell: EVP and CFO Richard Herren Sells 13,942 Shares of Cisco Systems Inc (CSCO)','GuruFocus.com','https://finance.yahoo.com/news/insider-sell-evp-cfo-richard-055117796.html','2024-03-13 00:00:00.000000','STORY','https://s.yimg.com/uu/api/res/1.2/tbaWYB.A1eoSoNGeR7DRag--~B/aD01NDM7dz0xMjQyO2FwcGlkPXl0YWNoeW9u/https://media.zenfs.com/en/us.finance.gurufocus/aee6b15f09b9ca5bf90f49575646a893','CSCO'),(36,'7b4de692-4a9d-3891-b2ae-57cab68c0d7d','From Childhood Curiosity to Cisco\'s FIFA Women\'s World Cup All-Female Dream Team','ACCESSWIRE','https://finance.yahoo.com/news/childhood-curiosity-ciscos-fifa-womens-131500328.html','2024-03-12 00:00:00.000000','STORY','https://s.yimg.com/uu/api/res/1.2/YXpXqmrhWp_Y3uyBeI4wSA--~B/aD00MDA7dz00MDA7YXBwaWQ9eXRhY2h5b24-/https://media.zenfs.com/en/accesswire.ca/27feafa39e002c217b47b24dea0dcb23','CSCO'),(37,'0176bb92-c8a0-3658-8714-2aa4a1642106','Nutanix (NTNX) and Wipro to Introduce New Business Unit','Zacks','https://finance.yahoo.com/news/nutanix-ntnx-wipro-introduce-business-125000444.html','2024-03-12 00:00:00.000000','STORY','https://s.yimg.com/uu/api/res/1.2/KlQrREV2LidCeano2VdRyQ--~B/aD00MDA7dz02MzU7YXBwaWQ9eXRhY2h5b24-/https://media.zenfs.com/en/zacks.com/076ab60c40b0e34905464b4714068486','NTNX,WIPRO.BO,DELL,CSCO'),(38,'6a47b102-219b-3db3-98d8-5445dbe3e8f5','Celebrating Women’s Inclusion in the Climate Innovation Space','ACCESSWIRE','https://finance.yahoo.com/news/celebrating-women-inclusion-climate-innovation-160000197.html','2024-03-11 00:00:00.000000','STORY','https://s.yimg.com/uu/api/res/1.2/YXpXqmrhWp_Y3uyBeI4wSA--~B/aD00MDA7dz00MDA7YXBwaWQ9eXRhY2h5b24-/https://media.zenfs.com/en/accesswire.ca/27feafa39e002c217b47b24dea0dcb23','CSCO'),(39,'06dec6a9-65f3-3f56-9ef1-f3b3fa9b6f2c','Is Cisco Stock A Buy As Splunk Closing Approaches?','Investor\'s Business Daily','https://finance.yahoo.com/m/06dec6a9-65f3-3f56-9ef1-f3b3fa9b6f2c/is-cisco-stock-a-buy-as.html','2024-03-11 00:00:00.000000','STORY','https://s.yimg.com/uu/api/res/1.2/8ueURzXCAP5cw3Ctn1lNNA--~B/aD01NjM7dz0xMDAwO2FwcGlkPXl0YWNoeW9u/https://media.zenfs.com/en/ibd.com/f9da0ee8d66bf7e235c12c60db53d512','CSCO'),(40,'7e47865a-4523-31c5-999a-2987c940211e','15 Best NASDAQ Dividend Stocks To Buy','Insider Monkey','https://finance.yahoo.com/news/15-best-nasdaq-dividend-stocks-120247625.html','2024-03-11 00:00:00.000000','STORY','https://s.yimg.com/uu/api/res/1.2/X3rtJccP5.rCLbrahK9gcw--~B/aD0xMjgwO3c9MTkyMDthcHBpZD15dGFjaHlvbg--/https://media.zenfs.com/en/insidermonkey.com/d5c574a3ab302dd707e1c01ee45156a0','COMP,CSCO,CSX,ADP,AMGN,SBUX,GILD,CMCSA,ADI,COST'),(41,'8ca01427-fbbd-337d-bee9-a2010458d7a8','Here\'s Why Merck (MRK) Fell More Than Broader Market','Zacks','https://finance.yahoo.com/news/heres-why-merck-mrk-fell-215020894.html','2024-03-13 00:00:00.000000','STORY','https://s.yimg.com/uu/api/res/1.2/ksLAzii1aL14haHFbPC1Rg--~B/aD02MDE7dz05MDA7YXBwaWQ9eXRhY2h5b24-/https://media.zenfs.com/en/zacks.com/bdc2850a48a0f40806db817a9e24f36f','MRK'),(42,'4809c51e-27a0-346f-a85a-4cb0296d9f75','Is Trending Stock Merck & Co., Inc. (MRK) a Buy Now?','Zacks','https://finance.yahoo.com/news/trending-stock-merck-co-inc-130014725.html','2024-03-13 00:00:00.000000','STORY','https://s.yimg.com/uu/api/res/1.2/ZVGBNd2_.kAicju5mLde7g--~B/aD02MDA7dz05MDA7YXBwaWQ9eXRhY2h5b24-/https://media.zenfs.com/en/zacks.com/71afbbc0512eb3c471136d93f39079c9','MRK'),(43,'f32dce3b-0eb2-3f2f-bcdc-523ee1fa76d7','Merck & Co Inc\'s Dividend Analysis','GuruFocus.com','https://finance.yahoo.com/news/merck-co-incs-dividend-analysis-110131526.html','2024-03-13 00:00:00.000000','STORY','https://s.yimg.com/uu/api/res/1.2/m4OyWtyyXxkLttHHPYJVqA--~B/aD03OTI7dz0xMjQyO2FwcGlkPXl0YWNoeW9u/https://media.zenfs.com/en/us.finance.gurufocus/f2a1c0d828dfb24873d6c60f23282ebd','MRK'),(44,'4993c438-11c8-34b1-8c30-ee2025f7171e','Merck Announces Plans to Conduct Clinical Trials of a Novel Investigational Multi-Valent Human Papillomavirus (HPV) Vaccine and Single-Dose Regimen for GARDASIL®9','Business Wire','https://finance.yahoo.com/news/merck-announces-plans-conduct-clinical-070000751.html','2024-03-13 00:00:00.000000','STORY','https://s.yimg.com/uu/api/res/1.2/.cTTYr10kThyBOlnNrraMQ--~B/aD0yMTc7dz00ODA7YXBwaWQ9eXRhY2h5b24-/https://media.zenfs.com/en/business-wire.com/bf168f499c317b25f143fc1f400359cd','MRK'),(45,'96058840-edbb-3e60-93db-d90fbdcbe746','Merck to test single-dose regimen of HPV vaccine Gardasil 9','Reuters','https://finance.yahoo.com/news/merck-test-single-dose-regimen-064502721.html','2024-03-13 00:00:00.000000','STORY',NULL,'MRK'),(46,'2ca5fa4b-3b12-30fc-a29e-a032cf70c8d8','Moderna stock pops on launch of skin cancer treatment trial','Yahoo Finance Video','https://finance.yahoo.com/video/moderna-stock-pops-launch-skin-205307105.html','2024-03-11 00:00:00.000000','VIDEO','https://s.yimg.com/uu/api/res/1.2/fIqMd0fRyXD9Br4tFxoF1g--~B/aD0xOTUyO3c9MzQ2NzthcHBpZD15dGFjaHlvbg--/https://s.yimg.com/os/creatr-uploaded-images/2024-03/0df06cc0-dfe1-11ee-bff6-56af94fc0e56','MRK,MRNA'),(47,'fb646c59-49d6-3853-8250-963189cb8693','Merck & Co., Inc.\'s (NYSE:MRK) Stock\'s Been Going Strong: Could Weak Financials Mean The Market Will Correct Its Share Price?','Simply Wall St.','https://finance.yahoo.com/news/merck-co-inc-nyse-mrk-140010091.html','2024-03-11 00:00:00.000000','STORY','https://s.yimg.com/uu/api/res/1.2/H9sVDVM9mi9ws1HvXhxW7w--~B/aD00MzI7dz0xMTk0O2FwcGlkPXl0YWNoeW9u/https://media.zenfs.com/en/simply_wall_st__316/8b2f1fb8ed1ddbd9c7702732b1ea0316','MRK'),(48,'ecccca81-3272-33a8-9731-c32cee34e793','Merck Completes Acquisition of Harpoon Therapeutics, Inc.','Business Wire','https://finance.yahoo.com/news/merck-completes-acquisition-harpoon-therapeutics-121500427.html','2024-03-11 00:00:00.000000','STORY',NULL,'MRK'),(49,'42139101-b963-3046-97bf-299190cd4f9e','Q4 2023 CytomX Therapeutics Inc Earnings Call','Thomson Reuters StreetEvents','https://finance.yahoo.com/news/q4-2023-cytomx-therapeutics-inc-104650865.html','2024-03-12 00:00:00.000000','STORY',NULL,'CTMX,AMGN,CYTK'),(50,'8a592862-1fca-3096-8cfc-7c76065e3be9','Why the Market Dipped But Amgen (AMGN) Gained Today','Zacks','https://finance.yahoo.com/news/why-market-dipped-amgen-amgn-215017940.html','2024-03-11 00:00:00.000000','STORY','https://s.yimg.com/uu/api/res/1.2/UYup8AGIrn99rMsHiTllqA--~B/aD04NzY7dz05MDA7YXBwaWQ9eXRhY2h5b24-/https://media.zenfs.com/en/zacks.com/d0d4ab152198da2f423d92da8a7d22ee','AMGN'),(51,'be4fb8ef-6716-3137-b78d-dc0ad5e13de3','20 Highest Paying Countries for Biotechnology','Insider Monkey','https://finance.yahoo.com/news/20-highest-paying-countries-biotechnology-164442858.html','2024-03-11 00:00:00.000000','STORY','https://s.yimg.com/uu/api/res/1.2/7bpLtubqU6n7JJJqi_5duA--~B/aD04MTY7dz0xNDU2O2FwcGlkPXl0YWNoeW9u/https://media.zenfs.com/en/insidermonkey.com/784183ca6432e7c8b1cf2a2cf594a713','NVO,AMGN,BIIB'),(52,'31f9295a-bb65-365c-a730-4dcc38b9b777','AMGEN PRESENTS NEW RESEARCH ON OTEZLA® (APREMILAST) AT AAD 2024','PR Newswire','https://finance.yahoo.com/news/amgen-presents-research-otezla-apremilast-172000121.html','2024-03-09 00:00:00.000000','STORY','https://s.yimg.com/uu/api/res/1.2/MUwJUMkfdcxSbG3aWkeckA--~B/aD05ODt3PTQwMDthcHBpZD15dGFjaHlvbg--/https://media.zenfs.com/en/prnewswire.com/2c1a06bdf6720fdfc4a33394e07a9a88','AMGN'),(53,'9733b6c7-d859-3f57-9a54-fa37fa487f0c','Viking (VKTX) Stock Down on Novo Nordisk\'s Obesity Pill Data','Zacks','https://finance.yahoo.com/news/viking-vktx-stock-down-novo-114700526.html','2024-03-08 00:00:00.000000','STORY','https://s.yimg.com/uu/api/res/1.2/g.raN2f2Gj9gsgHh3Sjz.Q--~B/aD00MTM7dz02MjA7YXBwaWQ9eXRhY2h5b24-/https://media.zenfs.com/en/zacks.com/08c70fc44d9b8340859581d38311e071','NVO,VKTX,AMGN'),(54,'08e5cf0d-a721-30ec-987f-d1017a866b7d','Amgen (AMGN) Down 6.5% Since Last Earnings Report: Can It Rebound?','Zacks','https://finance.yahoo.com/news/amgen-amgn-down-6-5-163103436.html','2024-03-07 00:00:00.000000','STORY','https://s.yimg.com/uu/api/res/1.2/ZVGBNd2_.kAicju5mLde7g--~B/aD02MDA7dz05MDA7YXBwaWQ9eXRhY2h5b24-/https://media.zenfs.com/en/zacks.com/71afbbc0512eb3c471136d93f39079c9','AMGN,CELG-RT'),(55,'4c6395ba-9c1a-353f-b844-b8a34475cbe2','AMGEN ANNOUNCES 2024 SECOND QUARTER DIVIDEND','PR Newswire','https://finance.yahoo.com/news/amgen-announces-2024-second-quarter-210000900.html','2024-03-06 00:00:00.000000','STORY','https://s.yimg.com/uu/api/res/1.2/fXOCbBYEhALvuJbXuwlWEQ--~B/aD0yMjU7dz00MDA7YXBwaWQ9eXRhY2h5b24-/https://media.zenfs.com/en/prnewswire.com/a085ee332e8e3e11ca5c7e5584018b12','AMGN'),(56,'323d5a00-26f3-442a-b617-615db9818fe2','Microsoft to launch generative AI security software as competition continues to grow','Yahoo Finance','https://finance.yahoo.com/news/microsoft-to-launch-generative-ai-security-software-as-competition-continues-to-grow-160050968.html','2024-03-13 00:00:00.000000','STORY','https://s.yimg.com/uu/api/res/1.2/5EpdTFAZPzZx_V69vnAr6w--~B/aD0xMjgwO3c9MTkyMDthcHBpZD15dGFjaHlvbg--/https://s.yimg.com/os/creatr-uploaded-images/2024-01/b072a650-aaaa-11ee-a76f-6cc3da9509ae','CRM,GOOG,MSFT,AMZN'),(57,'ba0c171b-b731-33e9-a0cd-4e2a43ba9d7e','Salesforce, Inc. (NYSE:CRM) is a favorite amongst institutional investors who own 82%','Simply Wall St.','https://finance.yahoo.com/news/salesforce-inc-nyse-crm-favorite-110010483.html','2024-03-13 00:00:00.000000','STORY','https://s.yimg.com/uu/api/res/1.2/inqMNgbLftYOdFOJrIFoqA--~B/aD00MzI7dz0xMTk0O2FwcGlkPXl0YWNoeW9u/https://media.zenfs.com/en/simply_wall_st__316/4eef4b71b22e09c4093eaa95f81447d0','CRM'),(58,'31305352-aca2-35da-835b-6fdd99c6e643','10 Biggest Stocks Targeted By Activist Investors Right Now','Insider Monkey','https://finance.yahoo.com/news/10-biggest-stocks-targeted-activist-104322482.html','2024-03-13 00:00:00.000000','STORY','https://s.yimg.com/uu/api/res/1.2/0m0FaoWyq7Xaih0EXPGgHA--~B/aD02MDA7dz00ODk7YXBwaWQ9eXRhY2h5b24-/https://media.zenfs.com/en/insidermonkey.com/3fe684b5e6998cb0371e82debe9f00f0','GOOG,TWLO,ETSY,MTCH,CRM,ILMN,TRMB'),(59,'9944e128-5b78-31bc-8325-c3308553d527','Is Salesforce Stock A Buy Amid Expectations For AI Boost?','Investor\'s Business Daily','https://finance.yahoo.com/m/9944e128-5b78-31bc-8325-c3308553d527/is-salesforce-stock-a-buy.html','2024-03-11 00:00:00.000000','STORY','https://s.yimg.com/uu/api/res/1.2/HX4Lps6aWcWpdNa3h7gllg--~B/aD01NjM7dz0xMDAwO2FwcGlkPXl0YWNoeW9u/https://media.zenfs.com/en/ibd.com/6a9c339816a6cb16c4be875e2944119b','CRM,DATA,MSFT'),(60,'deb776d9-971b-32eb-85cd-456bdf3a5d8a','Wall Street Picked These 13 AI Stocks for 2024','Insider Monkey','https://finance.yahoo.com/news/wall-street-picked-13-ai-191128471.html','2024-03-09 00:00:00.000000','STORY','https://s.yimg.com/uu/api/res/1.2/dBvVI4g3K5m0970dQMZtRw--~B/aD01MTI7dz03Njg7YXBwaWQ9eXRhY2h5b24-/https://media.zenfs.com/en/insidermonkey.com/ff57e8911097fd1ebb23ca8c8d198ea8','ISRG,AMD,PANW,ADBE,ORCL,SNOW,CRM,TSM,MSFT,AMZN,NVDA'),(61,'c0d61258-c975-3328-a6d2-5706dec2dc0b','20 Best Marketing Newsletters to Subscribe to in 2024','Insider Monkey','https://finance.yahoo.com/news/20-best-marketing-newsletters-subscribe-180039521.html','2024-03-09 00:00:00.000000','STORY','https://s.yimg.com/uu/api/res/1.2/7KJnceAhNPgDzOR3Kf38uA--~B/aD03MTQ7dz0xMDAwO2FwcGlkPXl0YWNoeW9u/https://media.zenfs.com/en/insidermonkey.com/559c196ce5de0278b0069fb00362e215','ADBE,HUBS,CRM'),(62,'a04ef07e-ae84-3c09-a0f8-6366f6e22425','Why Salesforce, Inc. (NYSE:CRM) Could Be Worth Watching','Simply Wall St.','https://finance.yahoo.com/news/why-salesforce-inc-nyse-crm-130010931.html','2024-03-09 00:00:00.000000','STORY','https://s.yimg.com/uu/api/res/1.2/inqMNgbLftYOdFOJrIFoqA--~B/aD00MzI7dz0xMTk0O2FwcGlkPXl0YWNoeW9u/https://media.zenfs.com/en/simply_wall_st__316/4eef4b71b22e09c4093eaa95f81447d0','CRM'),(63,'18873767-93bb-3664-bc74-6bce411727a1','Growth for Salesforce, Snowflake, and Okta','Motley Fool','https://finance.yahoo.com/m/18873767-93bb-3664-bc74-6bce411727a1/growth-for-salesforce%2C.html','2024-03-09 00:00:00.000000','STORY','https://s.yimg.com/uu/api/res/1.2/CAI7ON_WGSD8Et91lnusxg--~B/aD0xMDgwO3c9MTkyMDthcHBpZD15dGFjaHlvbg--/https://media.zenfs.com/en/motleyfool.com/b8d89f0aea202395edba3f3ca8b5d8fd','OKTA,CRM'),(64,'b9febfb2-a875-3afc-9a6e-ef3f49629bc2','10 Best Mid-Cap Dividend Aristocrats To Buy','Insider Monkey','https://finance.yahoo.com/news/10-best-mid-cap-dividend-153000400.html','2024-03-13 00:00:00.000000','STORY','https://s.yimg.com/uu/api/res/1.2/fnoX5CVCsji8KlnEhEeNkQ--~B/aD04NTM7dz0xMjgwO2FwcGlkPXl0YWNoeW9u/https://media.zenfs.com/en/insidermonkey.com/be3393f134c2a187ca00a2f11da1c8b1','^GSPC,MSA,RLI,ERIE,GGG,PG'),(65,'0ff22f84-bc4c-3fbf-b7b1-4e91ba5bac2e','15 Biggest Skincare Companies in the US','Insider Monkey','https://finance.yahoo.com/news/15-biggest-skincare-companies-us-142553688.html','2024-03-13 00:00:00.000000','STORY','https://s.yimg.com/uu/api/res/1.2/q.ZCoGM4X1clrbErj4WRPw--~B/aD02MzA7dz0xMDAwO2FwcGlkPXl0YWNoeW9u/https://media.zenfs.com/en/insidermonkey.com/f1ece0e3ace4b7f739a91276c5197638','PG'),(66,'a4bcab49-bc3d-35d6-8234-90115b682a31','Biggest Gains in Financial Strength in the Management Top 250','The Wall Street Journal','https://finance.yahoo.com/m/a4bcab49-bc3d-35d6-8234-90115b682a31/biggest-gains-in-financial.html','2024-03-13 00:00:00.000000','STORY','https://s.yimg.com/uu/api/res/1.2/iv1xh8QwQFVjt4An7DD53Q--~B/aD02NDA7dz0xMjgwO2FwcGlkPXl0YWNoeW9u/https://media.zenfs.com/en/wsj.com/847c540c856222b49b0b394b5100a6ba','GE,RCL,LNG,MET,MET-PF,PG'),(67,'0ef866ea-1a38-3b71-970f-5eb130328a4e','Tide Partners with Electrolux, GE Appliances and Samsung to Announce the First Tide Cold Certified Washing Machines','Business Wire','https://finance.yahoo.com/news/tide-partners-electrolux-ge-appliances-120500376.html','2024-03-13 00:00:00.000000','STORY','https://s.yimg.com/uu/api/res/1.2/kWgtjfH5NC13sMRyLU18nw--~B/aD00ODA7dz0zOTY7YXBwaWQ9eXRhY2h5b24-/https://media.zenfs.com/en/business-wire.com/2618242782defb51c849b7512349df51','PG'),(68,'39dc6836-2cb2-32a5-8059-e9e75f87ce84','Procter & Gamble (PG) Increases Yet Falls Behind Market: What Investors Need to Know','Zacks','https://finance.yahoo.com/news/procter-gamble-pg-increases-yet-214521339.html','2024-03-12 00:00:00.000000','STORY','https://s.yimg.com/uu/api/res/1.2/26ddEdIk.0DefsBmi91u3Q--~B/aD01OTg7dz05MDA7YXBwaWQ9eXRhY2h5b24-/https://media.zenfs.com/en/zacks.com/21b1f011539d3e31c28282071d344177','PG'),(69,'30751852-39fb-30de-a873-fe5747c9c025','20 Cheap Alternatives to Aveda Shampoo','Insider Monkey','https://finance.yahoo.com/news/20-cheap-alternatives-aveda-shampoo-174855067.html','2024-03-12 00:00:00.000000','STORY','https://s.yimg.com/uu/api/res/1.2/4O7KvIPDVBOAcx1fzCIwwQ--~B/aD01NjY7dz0xMDAwO2FwcGlkPXl0YWNoeW9u/https://media.zenfs.com/en/insidermonkey.com/55120a16e9307c8ac1b7f4067e8289ff','UL,PG'),(70,'2733c222-a6b6-3e9d-9364-557afabb5bbb','P&G’s Markus Strobel to Retire After 35-year Career','WWD','https://finance.yahoo.com/m/2733c222-a6b6-3e9d-9364-557afabb5bbb/p%26g%E2%80%99s-markus-strobel-to.html','2024-03-12 00:00:00.000000','STORY','https://s.yimg.com/uu/api/res/1.2/mLFqIYv417Wf8SolrlvBbw--~B/aD00MjA7dz02MzA7YXBwaWQ9eXRhY2h5b24-/https://media.zenfs.com/en/wwd_409/f7f7e03d97025c309771c8115f980a57','PG'),(71,'82d12a11-bc18-3644-8adc-33e7fced02de','15 Highest Quality Toothpastes of 2024','Insider Monkey','https://finance.yahoo.com/news/15-highest-quality-toothpastes-2024-144303346.html','2024-03-12 00:00:00.000000','STORY','https://s.yimg.com/uu/api/res/1.2/vZAeBYxUEe6QTfNk42w2xQ--~B/aD04MTY7dz0xNDU2O2FwcGlkPXl0YWNoeW9u/https://media.zenfs.com/en/insidermonkey.com/10ce3a6f779e52ea7d7543026ab80529','CL,PG,UL'),(72,'d87d1f90-ae69-3c3e-9e28-9eb674796c1a','Analyst Report: The Travelers Companies, Inc.','Morningstar Research','https://finance.yahoo.com/m/d87d1f90-ae69-3c3e-9e28-9eb674796c1a/analyst-report%3A-the-travelers.html','2024-03-13 00:00:00.000000','STORY','https://s.yimg.com/uu/api/res/1.2/SVKRhvYIgdoUv2HlogaP.A--~B/aD0wO3c9MDthcHBpZD15dGFjaHlvbg--/https://s.yimg.com/uc/fin/img/non-sub-report-thumb.png','TRV'),(73,'bc8a98c5-6fd8-3720-bbb8-5be4fe76b1ac','Should Value Investors Buy The Travelers Companies (TRV) Stock?','Zacks','https://finance.yahoo.com/news/value-investors-buy-travelers-companies-134014921.html','2024-03-13 00:00:00.000000','STORY','https://s.yimg.com/uu/api/res/1.2/Tw87WEC1wh0JNb8.IBuFMA--~B/aD02MDA7dz05MDA7YXBwaWQ9eXRhY2h5b24-/https://media.zenfs.com/en/zacks.com/03fca48475577988aa4e0db94f484b4e','TRV'),(74,'f5028f5d-ec8a-3351-9567-736fb3fa2d05','Zacks Industry Outlook Highlights Berkshire Hathaway, The Progressive, Chubb, The Travelers Companies and AXIS Capital Holdings','Zacks','https://finance.yahoo.com/news/zacks-industry-outlook-highlights-berkshire-134000914.html','2024-03-11 00:00:00.000000','STORY','https://s.yimg.com/uu/api/res/1.2/EEUv5JQFTAI4U5iqIocwgw--~B/aD00MDA7dz02MzU7YXBwaWQ9eXRhY2h5b24-/https://media.zenfs.com/en/zacks.com/9d8e6ae4a2f2f78756262fb38b308001','CB,BRK-B,AXS,TRV,^GSPC,PGR'),(75,'ed792144-ff34-3db7-829b-8a756d7fe0fd','Forget AI, Invest in 5 Surging Old Economy Stocks for Gains','Zacks','https://finance.yahoo.com/news/forget-ai-invest-5-surging-120600383.html','2024-03-11 00:00:00.000000','STORY','https://s.yimg.com/uu/api/res/1.2/w8KseYyKboeNslYE95Yrcw--~B/aD00MDA7dz02MzU7YXBwaWQ9eXRhY2h5b24-/https://media.zenfs.com/en/zacks.com/0ff845c3959728fc044879d34b418a36','TRV,GM,AXP,PH,CL'),(76,'fd271d00-e1ea-303b-a89c-6f540097c625','The Travelers Companies, Inc. (NYSE:TRV) is favoured by institutional owners who hold 85% of the company','Simply Wall St.','https://finance.yahoo.com/news/travelers-companies-inc-nyse-trv-142229966.html','2024-03-07 00:00:00.000000','STORY','https://s.yimg.com/uu/api/res/1.2/qFA3WGvur3bWMNtzzoZwvw--~B/aD00MzI7dz0xMTk0O2FwcGlkPXl0YWNoeW9u/https://media.zenfs.com/en/simply_wall_st__316/bf1e5cd110078fadb07e03f71dd41c07','TRV'),(77,'852edb94-a9b8-3ebd-bb82-2a098d1edd59','20 Cities Where You’re Most Likely To Get In A Car Accident','Insider Monkey','https://finance.yahoo.com/news/20-cities-where-most-likely-175115548.html','2024-03-06 00:00:00.000000','STORY','https://s.yimg.com/uu/api/res/1.2/tNEIUHMMoBOILzeHQwQE5A--~B/aD02MDA7dz0xMDAwO2FwcGlkPXl0YWNoeW9u/https://media.zenfs.com/en/insidermonkey.com/8c7a101e55fed05d54f9b5a57a103315','TRV,ALL,PGR'),(78,'15290e24-8d36-39e2-b882-000d2dc141fb','The Travelers Companies Inc\'s Dividend Analysis','GuruFocus.com','https://finance.yahoo.com/news/travelers-companies-incs-dividend-analysis-100537587.html','2024-03-06 00:00:00.000000','STORY','https://s.yimg.com/uu/api/res/1.2/hv82BUgGHAxkeI6aEolVXA--~B/aD03OTI7dz0xMjQyO2FwcGlkPXl0YWNoeW9u/https://media.zenfs.com/en/us.finance.gurufocus/53361d4c782c6f103b65563e3fc13e71','TRV'),(79,'9562ee20-d0d5-30bd-b9e0-bed692f74783','Why 3M Stock Was Up Today','Motley Fool','https://finance.yahoo.com/m/9562ee20-d0d5-30bd-b9e0-bed692f74783/why-3m-stock-was-up-today.html','2024-03-13 00:00:00.000000','STORY','https://s.yimg.com/uu/api/res/1.2/RPqk9LPcqUaVn5h_jiGX0Q--~B/aD0xNDE0O3c9MjEyMTthcHBpZD15dGFjaHlvbg--/https://media.zenfs.com/en/motleyfool.com/85c567a64f9d2b3b32dd4fec69ae3e55','MMM'),(80,'107591d3-4cb5-3c84-9ef5-d85804b914fe','House votes on TikTok ban, bitcoin hits new high: Yahoo Finance Live','Yahoo Finance Video','https://finance.yahoo.com/video/house-votes-tiktok-ban-bitcoin-114507616.html','2024-03-13 00:00:00.000000','VIDEO','https://s.yimg.com/uu/api/res/1.2/JROOHNXjo16ZbnG0EpU6Ag--~B/aD0xMDgwO3c9MTkyMDthcHBpZD15dGFjaHlvbg--/https://media-mbst-pub-ue1.s3.amazonaws.com/creatr-uploaded-images/2019-09/1af93af0-db18-11e9-bff7-e34690b9be52','^GSPC,NVDA,SOUN,SOUNW,BTC-USD,MMM,LUV'),(81,'92cab11f-16a4-352b-b152-6623c3025659','Analyst Report: 3M Company','Morningstar Research','https://finance.yahoo.com/m/92cab11f-16a4-352b-b152-6623c3025659/analyst-report%3A-3m-company.html','2024-03-12 00:00:00.000000','STORY','https://s.yimg.com/uu/api/res/1.2/SVKRhvYIgdoUv2HlogaP.A--~B/aD0wO3c9MDthcHBpZD15dGFjaHlvbg--/https://s.yimg.com/uc/fin/img/non-sub-report-thumb.png','MMM'),(82,'c9d1c588-3692-369f-8c48-a9078ab9c3e7','Inflation remains hot, Boeing’s troubles weigh on Southwest: Yahoo Finance Live','Yahoo Finance Video','https://finance.yahoo.com/video/inflation-remains-hot-boeing-troubles-173413604.html','2024-03-12 00:00:00.000000','VIDEO','https://s.yimg.com/uu/api/res/1.2/JROOHNXjo16ZbnG0EpU6Ag--~B/aD0xMDgwO3c9MTkyMDthcHBpZD15dGFjaHlvbg--/https://media-mbst-pub-ue1.s3.amazonaws.com/creatr-uploaded-images/2019-09/1af93af0-db18-11e9-bff7-e34690b9be52','ORCL,MMM,LUV,^GSPC,^IXIC,ONON,^DJI,BA'),(83,'33932614-7a72-31fb-a3d9-f0623b772c8a','Stocks to Watch Tuesday: Boeing, Oracle, Southwest Airlines, Vail','The Wall Street Journal','https://finance.yahoo.com/m/33932614-7a72-31fb-a3d9-f0623b772c8a/stocks-to-watch-tuesday%3A.html','2024-03-12 00:00:00.000000','STORY','https://s.yimg.com/uu/api/res/1.2/DF4b9EAQs0BOa2sBNCjwcA--~B/aD02NDA7dz0xMjgwO2FwcGlkPXl0YWNoeW9u/https://media.zenfs.com/en/wsj.com/9c40270f1c1737f3af7873da8c7e7cf2','MTN,MMM,ORCL,LUV,BA'),(84,'ae143ebe-366d-3582-8ecd-f9143b572040','Why 3M Stock Jumped Today','Motley Fool','https://finance.yahoo.com/m/ae143ebe-366d-3582-8ecd-f9143b572040/why-3m-stock-jumped-today.html','2024-03-12 00:00:00.000000','STORY','https://s.yimg.com/uu/api/res/1.2/3mSEIw83YJESRQpaGz3XSQ--~B/aD0xMDQ4O3c9MTQwMDthcHBpZD15dGFjaHlvbg--/https://media.zenfs.com/en/motleyfool.com/0a5b3604630ae6c0ae982171931498aa','MMM'),(85,'a552701d-c52e-3b42-a30f-8e7eb202496d','3M Names Outsider With M&A Pedigree as CEO in Shake-Up','Bloomberg','https://finance.yahoo.com/news/3m-names-outsider-m-pedigree-160511481.html','2024-03-12 00:00:00.000000','STORY','https://s.yimg.com/uu/api/res/1.2/MIV1R8eDbfaV5p3cbK3kkg--~B/aD02NzU7dz0xMjAwO2FwcGlkPXl0YWNoeW9u/https://media.zenfs.com/en/bloomberg_markets_842/65da5cbb8845f30212ddd78e76faa69a','MMM,LHX'),(86,'f57336c4-f96b-373a-9f9e-77177219ebdf','3M Names New CEO Amid PFAS Battles, Health Spinoff','The Wall Street Journal','https://finance.yahoo.com/m/f57336c4-f96b-373a-9f9e-77177219ebdf/3m-names-new-ceo-amid-pfas.html','2024-03-12 00:00:00.000000','STORY','https://s.yimg.com/uu/api/res/1.2/yYGAyipM02fQV96bQk2D2w--~B/aD02NDA7dz0xMjgwO2FwcGlkPXl0YWNoeW9u/https://media.zenfs.com/en/wsj.com/748c85cd6e6f7a13f287be3221dca2a2','MMM'),(87,'936265dc-3036-3812-b616-4d078cff4af4','Amazon (AMZN) Gains As Market Dips: What You Should Know','Zacks','https://finance.yahoo.com/news/amazon-amzn-gains-market-dips-214517548.html','2024-03-13 00:00:00.000000','STORY','https://s.yimg.com/uu/api/res/1.2/AwCmIhR0z9Bg4cEkwuNQjw--~B/aD02MDE7dz05MDA7YXBwaWQ9eXRhY2h5b24-/https://media.zenfs.com/en/zacks.com/8442d24e11d454aa89061259a9714d43','AMZN'),(88,'43d8b1dd-1d7b-3511-aca1-4553fd7fca27','TikTok Ban: What Bill Could Mean For Meta, Snap, Amazon And Apple','Investor\'s Business Daily','https://finance.yahoo.com/m/43d8b1dd-1d7b-3511-aca1-4553fd7fca27/tiktok-ban%3A-what-bill-could.html','2024-03-13 00:00:00.000000','STORY','https://s.yimg.com/uu/api/res/1.2/9ZoWbK7KI3UZqL0mEDEjYA--~B/aD01MzM7dz05NDU7YXBwaWQ9eXRhY2h5b24-/https://media.zenfs.com/en/ibd.com/cfbd7d26e355bf36599544b5add70945','META,AMZN,SNAP,GOOG'),(89,'8de6eb22-975a-32ef-8a2c-6d45a148cdbb','Nike history: Beyond the Ticker','Yahoo Finance Video','https://finance.yahoo.com/video/nike-history-beyond-ticker-210524371.html','2024-03-13 00:00:00.000000','VIDEO','https://s.yimg.com/uu/api/res/1.2/CiOaWm1LlPTO7tB8CKU08Q--~B/aD0xMDgwO3c9MTkyMDthcHBpZD15dGFjaHlvbg--/https://s.yimg.com/os/creatr-uploaded-images/2024-03/f94df230-e137-11ee-9ffd-dae0375439a6','AA,NKE,AMZN,^DJI'),(90,'ef55c384-cc02-3c01-8f36-79c368e9a63e','Arm CEO Sees a ‘Huge Tailwind’ From New Chips. Nvidia and Intel Are Helping Too.','Barrons.com','https://finance.yahoo.com/m/ef55c384-cc02-3c01-8f36-79c368e9a63e/arm-ceo-sees-a-%E2%80%98huge.html','2024-03-13 00:00:00.000000','STORY','https://s.yimg.com/uu/api/res/1.2/aO4Q48tOd_BSs1S9RZOZZw--~B/aD02NDA7dz0xMjgwO2FwcGlkPXl0YWNoeW9u/https://media.zenfs.com/en/Barrons.com/03f679ce14531638fac466a854f1a4a8','NVDA,INTC,AMZN'),(91,'fd612e76-3cd6-35e4-b097-2a29641bcbce','Eli Lilly Taps Amazon\'s Pharmacy To Deliver Meds, Including Weight-Loss Drug Zepbound','Investor\'s Business Daily','https://finance.yahoo.com/m/fd612e76-3cd6-35e4-b097-2a29641bcbce/eli-lilly-taps-amazon%27s.html','2024-03-13 00:00:00.000000','STORY','https://s.yimg.com/uu/api/res/1.2/XA5LHmLe5rHTPUR.4KKo6w--~B/aD01NzI7dz0xMDEyO2FwcGlkPXl0YWNoeW9u/https://media.zenfs.com/en/ibd.com/67464aa2598bc109a3cce706482c0735','LLY,AMZN'),(92,'55c981a4-473e-3a7f-b912-dff1e1aaa8a7','Alphabet (GOOGL) Aids Healthcare Offerings With Gen AI Tool','Zacks','https://finance.yahoo.com/news/alphabet-googl-aids-healthcare-offerings-153600581.html','2024-03-13 00:00:00.000000','STORY','https://s.yimg.com/uu/api/res/1.2/9o61YjkzKDbBgC6Ivy29Vw--~B/aD00MDA7dz02MzU7YXBwaWQ9eXRhY2h5b24-/https://media.zenfs.com/en/zacks.com/30e90ac213ebedcfe9ef1b79c529169c','GOOG,MSFT,AMZN,ORCL'),(93,'b1176a99-4dbe-3748-8a5a-aa8c2a2bc3e4','The No.1 Energy Stock for 2024','Oilprice.com','https://finance.yahoo.com/news/no-1-energy-stock-2024-230000052.html','2024-03-13 00:00:00.000000','STORY','https://s.yimg.com/uu/api/res/1.2/nxVS9u3GO3Ef4u__jaT6_g--~B/aD0yNDA7dz00NTA7YXBwaWQ9eXRhY2h5b24-/https://media.zenfs.com/en/oilprice.com/24cecdf47a9d9e5fcc6b57a78ea15f84','CVX,BEP,COP,SU,LNG,TALO,XOM,ERF,TRP'),(94,'1467ae42-ac4b-3ee5-a7ef-9018c34af322','3 Permian Stocks to Gain as Oil Price is Quite Healthy','Zacks','https://finance.yahoo.com/news/3-permian-stocks-gain-oil-144200940.html','2024-03-13 00:00:00.000000','STORY','https://s.yimg.com/uu/api/res/1.2/Bb3HhzvR12atkV.H1bCxmg--~B/aD00MDA7dz02MzU7YXBwaWQ9eXRhY2h5b24-/https://media.zenfs.com/en/zacks.com/f2386bab33b7b86b8371993cc9af867a','XOM,CVX,PXD'),(95,'fc4e7852-8e6c-31c5-93f9-51fc51c23214','20 Biggest Natural Gas Companies in the World','Insider Monkey','https://finance.yahoo.com/news/20-biggest-natural-gas-companies-135718260.html','2024-03-13 00:00:00.000000','STORY','https://s.yimg.com/uu/api/res/1.2/VeAmlIky9ZbTs962rOch0Q--~B/aD04MTY7dz0xNDU2O2FwcGlkPXl0YWNoeW9u/https://media.zenfs.com/en/insidermonkey.com/58fa3998b0bf905c5c1f071a57e7e8df','CVX,BP,SO,DUK-PA,EBGEF,EQNR,COP,CNQ,XOM'),(96,'13e30007-c903-3a40-8f10-2f8a65ab6808','Oil & Gas Stock Roundup: CVX & HES Take Center Stage','Zacks','https://finance.yahoo.com/news/oil-gas-stock-roundup-cvx-133800519.html','2024-03-13 00:00:00.000000','STORY','https://s.yimg.com/uu/api/res/1.2/iKYKtO35n_ru1xkOIn1HRA--~B/aD00MDI7dz02MjA7YXBwaWQ9eXRhY2h5b24-/https://media.zenfs.com/en/zacks.com/af49e568add9480b4b8deea2c758aa05','CVX,EGY,HES'),(97,'981c9225-acdb-3335-968b-152d3ba9d176','Chevron (CVX) Joins Forces With Celsia to Build a Solar Plant','Zacks','https://finance.yahoo.com/news/chevron-cvx-joins-forces-celsia-115800439.html','2024-03-13 00:00:00.000000','STORY','https://s.yimg.com/uu/api/res/1.2/51tLtP3zn1cfamzFZS4A9Q--~B/aD00MDA7dz02MzU7YXBwaWQ9eXRhY2h5b24-/https://media.zenfs.com/en/zacks.com/47a5c91ee32230c2f83ce3b58ad1263c','CVX,SUBCY,MUSA,ET'),(98,'347d6aa7-9c3c-3fac-ad66-c26ce83bf723','15 Best Retirement Stocks to Buy According to the Media','Insider Monkey','https://finance.yahoo.com/news/15-best-retirement-stocks-buy-130906494.html','2024-03-12 00:00:00.000000','STORY','https://s.yimg.com/uu/api/res/1.2/NyVXXSp17NtyG9Fej6DiEw--~B/aD0yODgwO3c9MTkyMDthcHBpZD15dGFjaHlvbg--/https://media.zenfs.com/en/insidermonkey.com/c62199446733ea22be18dd9c40ccb39f','HD,CVX,NOW,JNJ,TMO,NVDA,V,O,XOM,VZ,MA,PFE'),(99,'4a70aaac-f8bf-34d8-a710-6108f7898de1','Chevron (CVX) Gains As Market Dips: What You Should Know','Zacks','https://finance.yahoo.com/news/chevron-cvx-gains-market-dips-214521331.html','2024-03-11 00:00:00.000000','STORY','https://s.yimg.com/uu/api/res/1.2/apbC75v0joJeGGZArvqIvw--~B/aD02NzU7dz05MDA7YXBwaWQ9eXRhY2h5b24-/https://media.zenfs.com/en/zacks.com/105b2acef7bf0873f24b78932b1fdc3c','^GSPC,CVX'),(100,'1991eefb-5e54-31f9-a8de-45c8a6a8b611','The Zacks Analyst Blog Highlights Chevron, Verizon Communications, Eaton, NVIDIA and Ford Motor','Zacks','https://finance.yahoo.com/news/zacks-analyst-blog-highlights-chevron-143500838.html','2024-03-11 00:00:00.000000','STORY','https://s.yimg.com/uu/api/res/1.2/m7tjApF7BqnfqzGBp9dx2Q--~B/aD00MDA7dz02MzU7YXBwaWQ9eXRhY2h5b24-/https://media.zenfs.com/en/zacks.com/dfcefbf922a6e28511863f9254d27faa','ETN,CVX,VZ,^GSPC,F'),(101,'588ab048-bfef-306e-8ff1-33bc5f8e8f36','Analyst Report: The Coca-Cola Company','Morningstar Research','https://finance.yahoo.com/m/588ab048-bfef-306e-8ff1-33bc5f8e8f36/analyst-report%3A-the-coca-cola.html','2024-03-14 00:00:00.000000','STORY','https://s.yimg.com/uu/api/res/1.2/SVKRhvYIgdoUv2HlogaP.A--~B/aD0wO3c9MDthcHBpZD15dGFjaHlvbg--/https://s.yimg.com/uc/fin/img/non-sub-report-thumb.png','KO'),(102,'fd9fdee5-160f-31ec-9c62-d080d3490c9a','15 Best Stocks Under $100 To Buy Now','Insider Monkey','https://finance.yahoo.com/news/15-best-stocks-under-100-181715356.html','2024-03-13 00:00:00.000000','STORY','https://s.yimg.com/uu/api/res/1.2/Ib8Zhu2TZwCehGfJGlWuvA--~B/aD0xMDE2O3c9MTgwNjthcHBpZD15dGFjaHlvbg--/https://media.zenfs.com/en/insidermonkey.com/66dd0c1539da58fe4cbecd1d6218b1e9','^GSPC,KO,WMT,SCHW,KKR,SHOP,BABA,CVS,BSX,PM,NEE,MU,WFC'),(103,'6c3248c3-2f5f-37cc-86bc-5f82b549b5a0','Coca-Cola Co\'s Dividend Analysis','GuruFocus.com','https://finance.yahoo.com/news/coca-cola-cos-dividend-analysis-110146632.html','2024-03-13 00:00:00.000000','STORY','https://s.yimg.com/uu/api/res/1.2/XpzB3sJFJShaQuJd2ZfFJw--~B/aD03OTI7dz0xMjQyO2FwcGlkPXl0YWNoeW9u/https://media.zenfs.com/en/us.finance.gurufocus/44fa6f5da84ad48831accdb54748e361','KO'),(104,'a9f0c5dc-bf9e-4d31-87ea-31a3fd8f3428','Campbell Soup CEO on Rao\'s pasta sauce deal: We have now entered our next chapter','Yahoo Finance','https://finance.yahoo.com/news/campbell-soup-ceo-on-raos-pasta-sauce-deal-we-have-now-entered-our-next-chapter-220600501.html','2024-03-12 00:00:00.000000','STORY','https://s.yimg.com/uu/api/res/1.2/uVa4UFHM51UB9aNTXXDi8Q--~B/aD0xMzYxO3c9MjA0ODthcHBpZD15dGFjaHlvbg--/https://s.yimg.com/os/creatr-uploaded-images/2024-03/a9626490-e074-11ee-9f1b-c3b939fa88f6','HRL,PEP,KO,KR,CPB'),(105,'578e5bfe-bc6b-30b7-a22f-a29cadff98c4','3 Dividend Stocks to Double Up on Right Now','Motley Fool','https://finance.yahoo.com/m/578e5bfe-bc6b-30b7-a22f-a29cadff98c4/3-dividend-stocks-to-double.html','2024-03-12 00:00:00.000000','STORY','https://s.yimg.com/uu/api/res/1.2/4VVnQHf3enmmcESZuXmCpw--~B/aD00NDE7dz03MjA7YXBwaWQ9eXRhY2h5b24-/https://media.zenfs.com/en/motleyfool.com/969ba50edeb76275632967fff212eaa7','WMT,LOW,KO'),(106,'cfd05800-7f31-3014-9a4c-6f62e993a8ec','Multibillion-dollar Bud Light maker and Coca-Cola bottler publicly shamed for waiting months to pay U.K. suppliers','Fortune','https://finance.yahoo.com/news/multibillion-dollar-bud-light-maker-112833409.html','2024-03-12 00:00:00.000000','STORY','https://s.yimg.com/uu/api/res/1.2/KC6eYl7aqCjmTOHOnG03Kw--~B/aD0xMzY2O3c9MjA0ODthcHBpZD15dGFjaHlvbg--/https://media.zenfs.com/en/fortune_175/f79df9b980f2cfc1a9398bee82c1f05b','KO,BUD'),(107,'e008abbd-bcf5-3776-9d2e-2ee93d8c273b','Meet the Unknown Small-Cap Company That\'s Been Paying a Dividend for at Least 66 Years Longer Than Coca-Cola, ExxonMobil, and Eli Lilly','Motley Fool','https://finance.yahoo.com/m/e008abbd-bcf5-3776-9d2e-2ee93d8c273b/meet-the-unknown-small-cap.html','2024-03-12 00:00:00.000000','STORY','https://s.yimg.com/uu/api/res/1.2/RV01tSTc9dTuZvMVO2XPkg--~B/aD0xMDI1O3c9MTQwMDthcHBpZD15dGFjaHlvbg--/https://media.zenfs.com/en/motleyfool.com/cec3faf50bbc13619ffb0559e2c368c4','LLY,XOM,KO,YORW'),(108,'2d3d74a0-4589-305a-a369-cc5a7541d582','\'Noise isn\'t going away\' on TikTok bill: US policy expert','Yahoo Finance Video','https://finance.yahoo.com/video/noise-isnt-going-away-tiktok-211041721.html','2024-03-13 00:00:00.000000','VIDEO','https://s.yimg.com/uu/api/res/1.2/aAwfzsF_OIDSoMQL8Ie5cQ--~B/aD0zMTYyO3c9NTYxNjthcHBpZD15dGFjaHlvbg--/https://s.yimg.com/os/creatr-uploaded-images/2024-03/45bf03b0-e17a-11ee-bf9d-ece364da95b9','PINS,META,TSLA,AAPL,GOOG,SNAP'),(109,'4205eaa9-f620-3a0b-a81a-0e82c7c9fd0b','Magnificent Seven Stocks To Buy And Watch: Nvidia Stock Slides','Investor\'s Business Daily','https://finance.yahoo.com/m/4205eaa9-f620-3a0b-a81a-0e82c7c9fd0b/magnificent-seven-stocks-to.html','2024-03-13 00:00:00.000000','STORY','https://s.yimg.com/uu/api/res/1.2/IVY_jviTG_ue49k31izfew--~B/aD02MDA7dz0xMDY1O2FwcGlkPXl0YWNoeW9u/https://media.zenfs.com/en/ibd.com/f287385a5f84c1d1e13191d4ae92d9fb','NVDA,AAPL,TSLA,META,MSFT'),(110,'6f73b95d-b918-3f28-9161-ac9b29ffbd88','UPDATE 2-Epic Games says Apple violated App Store injunction, seeks contempt order','Reuters','https://finance.yahoo.com/news/1-epic-games-accuses-apple-171309971.html','2024-03-13 00:00:00.000000','STORY',NULL,'AAPL'),(111,'a7444860-5d97-318c-bece-98a6dfee3f69','Corporate dividends reach $1.66T in 2023: Report','Yahoo Finance Video','https://finance.yahoo.com/video/corporate-dividends-reach-1-66t-160953724.html','2024-03-13 00:00:00.000000','VIDEO','https://s.yimg.com/uu/api/res/1.2/cez0mxkMXvNZkRwXVf4uPw--~B/aD01MDI2O3c9ODk0NDthcHBpZD15dGFjaHlvbg--/https://s.yimg.com/os/creatr-uploaded-images/2024-03/5714cd20-e148-11ee-8503-1a4803638a3c','XOM,AAPL,MSFT'),(112,'ac3b2f7f-835a-3cc3-8123-8c44ed084c11','4 Things Many Investors Might Not Know About Arm Holdings -- Including Certain Nvidia and Apple Ties','Motley Fool','https://finance.yahoo.com/m/ac3b2f7f-835a-3cc3-8123-8c44ed084c11/4-things-many-investors-might.html','2024-03-13 00:00:00.000000','STORY','https://s.yimg.com/uu/api/res/1.2/dxx64HT7VJOXKNYknXGkSw--~B/aD03ODc7dz0xNDAwO2FwcGlkPXl0YWNoeW9u/https://media.zenfs.com/en/motleyfool.com/de920a0b2ed287f96cd04a027da657b6','NVDA,AAPL'),(113,'331a7f34-3765-3ebd-858a-295c8789f7fc','Apple Suppliers TSMC and Murata Join Its Green Investment Fund','Bloomberg','https://finance.yahoo.com/news/apple-suppliers-tsmc-murata-join-155844304.html','2024-03-13 00:00:00.000000','STORY','https://s.yimg.com/uu/api/res/1.2/EMJdOGKfKC8..._x5pmOuw--~B/aD0xMzM0O3c9MjAwMDthcHBpZD15dGFjaHlvbg--/https://media.zenfs.com/en/bloomberg_technology_68/cc096c0964292d94f3784228099ea612','AAPL,TSM,MRAAY'),(114,'bf9f349c-b6be-35e5-817c-3e9cc5478d07','Apple (AAPL) to Strengthen Portfolio With New Games in April','Zacks','https://finance.yahoo.com/news/apple-aapl-strengthen-portfolio-games-152400080.html','2024-03-13 00:00:00.000000','STORY','https://s.yimg.com/uu/api/res/1.2/SAHIK4XzRMpHf96s7KHBCw--~B/aD00MDA7dz02MzU7YXBwaWQ9eXRhY2h5b24-/https://media.zenfs.com/en/zacks.com/0a9b2d908daa277030d350cbcab5087f','AAPL'),(115,'110ed3de-36d3-3545-aac4-0bab66c09dcc','Paramount Global Sells Stake in Viacom 18 Media to Reliance Industries','The Wall Street Journal','https://finance.yahoo.com/m/110ed3de-36d3-3545-aac4-0bab66c09dcc/paramount-global-sells-stake.html','2024-03-14 00:00:00.000000','STORY','https://s.yimg.com/uu/api/res/1.2/d77EtED9BZVpJykXpMrOsQ--~B/aD02NDA7dz0xMjgwO2FwcGlkPXl0YWNoeW9u/https://media.zenfs.com/en/wsj.com/5cbb8ff853babc19f5c41fc5a2552527','PARA,PARAA,PARAP,890147.BO,RELIANCE.BO,RELIANCE.NS,RELIANCEP1.NS,DIS'),(116,'073ccc27-6e78-3f3d-81b4-cbbf9a1217f2','Dimon Voices Support for Bob Iger Amid Proxy Fight at Disney','Bloomberg','https://finance.yahoo.com/news/dimon-voices-support-bob-iger-215210408.html','2024-03-13 00:00:00.000000','STORY','https://s.yimg.com/uu/api/res/1.2/lzx4vOI6gLGboaqyBc5Eow--~B/aD0zMTA2O3c9NDY1ODthcHBpZD15dGFjaHlvbg--/https://media.zenfs.com/en/bloomberg_markets_842/060a148abb551c1936e79c9a29d4b007','DIS'),(117,'0b7494b1-0242-3e25-b4fb-22e7b328dc78','Paramount Sells India TV Stake to Reliance for $517 Million','Bloomberg','https://finance.yahoo.com/news/paramount-sells-india-tv-stake-213930106.html','2024-03-13 00:00:00.000000','STORY','https://s.yimg.com/uu/api/res/1.2/2WbMR2cM4ODPvrC6OLaX5A--~B/aD0xMzMzO3c9MjAwMDthcHBpZD15dGFjaHlvbg--/https://media.zenfs.com/en/bloomberg_markets_842/ff94a68d98961d8bc26edfa45550368b','COMB.BR,RELIANCE.NS,DIS'),(118,'62fdce48-a587-3435-81c9-90b56ca413d1','JPMorgan\'s Jamie Dimon gives support to Disney\'s Bob Iger in activist investor fight','Fox Business','https://finance.yahoo.com/news/jpmorgans-jamie-dimon-gives-support-202412744.html','2024-03-13 00:00:00.000000','STORY','https://s.yimg.com/uu/api/res/1.2/5d1yCjur7KEicMCfWoZ76Q--~B/aD03MjA7dz0xMjgwO2FwcGlkPXl0YWNoeW9u/https://media.zenfs.com/en/fox_business_text_367/fd5ff0d4ed46eb5fa0b90b3eeaab3013','DIS'),(119,'4c1ad8a0-b4e0-343c-861a-728210e0161d','Trian Partners Takes Aim at Dimon’s Disney Endorsement','The Wall Street Journal','https://finance.yahoo.com/m/4c1ad8a0-b4e0-343c-861a-728210e0161d/trian-partners-takes-aim-at.html','2024-03-13 00:00:00.000000','STORY','https://s.yimg.com/uu/api/res/1.2/_SGm2fhvRYoll.TlcvawqQ--~B/aD02NDA7dz0xMjgwO2FwcGlkPXl0YWNoeW9u/https://media.zenfs.com/en/wsj.com/a6c1e87a211a6b44305bd08d9820fb91','DIS'),(120,'38e7954d-959d-3939-b45d-9448ec300d12','Trian Comments on The Walt Disney Company’s Disingenuous and Hyperbolic Rhetoric','GlobeNewswire','https://finance.yahoo.com/news/trian-comments-walt-disney-company-193400854.html','2024-03-13 00:00:00.000000','STORY','https://s.yimg.com/uu/api/res/1.2/.WR1styzbHpHJNebHFiIOQ--~B/aD04MzQ7dz0zMzM0O2FwcGlkPXl0YWNoeW9u/https://media.zenfs.com/en/globenewswire.com/e51cf5f0350c6bd2203e424fb444f51f','DIS'),(121,'ffca9302-ee18-4330-ba23-e694c472f2a7','Disney\'s Bob Iger has a surprising new ally in his activist fight: Jamie Dimon','Yahoo Finance','https://finance.yahoo.com/news/disneys-bob-iger-has-a-surprising-new-ally-in-his-activist-fight-jamie-dimon-164323799.html','2024-03-13 00:00:00.000000','STORY','https://s.yimg.com/uu/api/res/1.2/0Uri6gqD9ekXlMYtYFrI5A--~B/aD0zNjU5O3c9NTUwMDthcHBpZD15dGFjaHlvbg--/https://s.yimg.com/os/creatr-uploaded-images/2024-03/d25e8e00-e141-11ee-b9bd-772ed627c173','^GSPC,DIS,JPM,^DJI'),(122,'716b4be5-148d-3d4b-b0aa-69db5be11a4d','Shakeup continues at Disney district a year after takeover by DeSantis appointees','Associated Press Finance','https://finance.yahoo.com/news/shakeup-continues-disney-district-takeover-160814641.html','2024-03-13 00:00:00.000000','STORY','https://s.yimg.com/uu/api/res/1.2/SbvViCiJt.m.j_RgZS578A--~B/aD00MDAwO3c9NjAwMDthcHBpZD15dGFjaHlvbg--/https://media.zenfs.com/en/ap_finance_articles_694/e713477a6b09eeebc4dae072717ab76e','DIS'),(123,'365168b5-cf6d-3447-97ca-2a481a976364','Caterpillar (CAT) Increases Despite Market Slip: Here\'s What You Need to Know','Zacks','https://finance.yahoo.com/news/caterpillar-cat-increases-despite-market-214519257.html','2024-03-13 00:00:00.000000','STORY','https://s.yimg.com/uu/api/res/1.2/YliGu3uiWo7T6YkWQuaEpA--~B/aD02MDE7dz05MDA7YXBwaWQ9eXRhY2h5b24-/https://media.zenfs.com/en/zacks.com/62d8c8e05376a18ba1420a1733ffdda4','CAT'),(124,'7e9dbc0c-986c-3fac-972a-a8d32ab985fb','Top Stock Reports for UnitedHealth, Johnson & Johnson & Oracle','Zacks','https://finance.yahoo.com/news/top-stock-reports-unitedhealth-johnson-201000826.html','2024-03-13 00:00:00.000000','STORY','https://s.yimg.com/uu/api/res/1.2/1liVEOiXydjov9p_RC6Kow--~B/aD00MDA7dz02MzU7YXBwaWQ9eXRhY2h5b24-/https://media.zenfs.com/en/zacks.com/b452082c5bafce0b3d09c2a06d33f987','ORCL,JNJ,UNH,CAT,WFC'),(125,'4b8aa913-d016-384f-9899-c644866a2edc','Billionaire Bill Gates Has Over Half of His $42 Billion Portfolio Invested in These 3 Dividend Stocks','Motley Fool','https://finance.yahoo.com/m/4b8aa913-d016-384f-9899-c644866a2edc/billionaire-bill-gates-has.html','2024-03-10 00:00:00.000000','STORY','https://s.yimg.com/uu/api/res/1.2/.C0hwuv11Fu1xlP2wCLduw--~B/aD0xNDU2O3c9MjA1OTthcHBpZD15dGFjaHlvbg--/https://media.zenfs.com/en/motleyfool.com/81abe0af4f0d10ed07005dd84f9cb0e4','MSFT,CAT,CNI'),(126,'c7ad0494-3905-3f63-abe8-0a091b4c1c95','Caterpillar (CAT) Beats Stock Market Upswing: What Investors Need to Know','Zacks','https://finance.yahoo.com/news/caterpillar-cat-beats-stock-market-224517366.html','2024-03-07 00:00:00.000000','STORY','https://s.yimg.com/uu/api/res/1.2/gUf3JPAiwp3PVjuDKftvaA--~B/aD04NDU7dz05MDA7YXBwaWQ9eXRhY2h5b24-/https://media.zenfs.com/en/zacks.com/26a86d59f0e8f1e82a35a92ae5684cd9','^GSPC,CAT'),(127,'6c5ebb70-1387-3ca4-a0d2-45055b8ad5ce','The Top 3 Infrastructure Stocks to Buy in March 2024','InvestorPlace','https://finance.yahoo.com/news/top-3-infrastructure-stocks-buy-224500949.html','2024-03-06 00:00:00.000000','STORY','https://s.yimg.com/uu/api/res/1.2/QXnTLz2CRRttiyQ8XrOejQ--~B/aD00MDA7dz03Mjg7YXBwaWQ9eXRhY2h5b24-/https://media.zenfs.com/en/investorplace_417/7b69e18d5707d1ce1ae636459659f15b','CAT,PWR,VMC'),(128,'9e625dbd-f6d0-3793-951d-5cab9545acc4','Zacks Industry Outlook Highlights Caterpillar, Komatsu, H&E Equipment Services and Astec Industries','Zacks','https://finance.yahoo.com/news/zacks-industry-outlook-highlights-caterpillar-113400686.html','2024-03-06 00:00:00.000000','STORY','https://s.yimg.com/uu/api/res/1.2/rj9rvD0uUgpZgYYbvMEcMw--~B/aD00MDA7dz02MzU7YXBwaWQ9eXRhY2h5b24-/https://media.zenfs.com/en/zacks.com/dfbf477ce67e2ca9b1c9e4b00f36cf66','CAT,ASTE,HEES,6301.T,^GSPC'),(129,'1832c2ca-d8e2-3300-ba65-52f6f86eb079','4 Stocks to Watch in the Promising Construction & Mining Equipment Industry','Zacks','https://finance.yahoo.com/news/4-stocks-watch-promising-construction-162800632.html','2024-03-05 00:00:00.000000','STORY','https://s.yimg.com/uu/api/res/1.2/ZDzCZHDJ4z2_sW9MWfWvIQ--~B/aD00MTM7dz02MjA7YXBwaWQ9eXRhY2h5b24-/https://media.zenfs.com/en/zacks.com/32f2cfad3680b658b4aef3d5eafe606c','CAT,^GSPC,ASTE,6301.T,HEES'),(130,'21898ee4-f8cd-3720-95e7-6f43b8462ab2','7 Ultra-Reliable Dividend Stocks to Buy for Rock-Solid Returns','InvestorPlace','https://finance.yahoo.com/news/7-ultra-reliable-dividend-stocks-145604596.html','2024-03-05 00:00:00.000000','STORY','https://s.yimg.com/uu/api/res/1.2/dA8A_VXntUHFpanJsbx4ZA--~B/aD00MDA7dz03Mjg7YXBwaWQ9eXRhY2h5b24-/https://media.zenfs.com/en/investorplace_417/885dc5d5079dba1815226bb1cd01b3cf','CAT,MO,IBM,XOM,ALB,CVX,NEE'),(131,'093343f8-4966-3537-8432-7b7d07c79296','Dow Inc. (DOW) Advances But Underperforms Market: Key Facts','Zacks','https://finance.yahoo.com/news/dow-inc-dow-advances-underperforms-221521606.html','2024-03-12 00:00:00.000000','STORY','https://s.yimg.com/uu/api/res/1.2/UACuRym2G7Sc_7yqOtSLVQ--~B/aD0yMzUxO3c9MzAwMDthcHBpZD15dGFjaHlvbg--/https://media.zenfs.com/en/zacks.com/c65fb4556b91b6c9dc83e4eff25fede0','DOW'),(132,'711e1551-43bf-39a5-a901-9d11b0302cfb','Dow Earns a Top 50 Position as One of America\'s Most JUST Companies','ACCESSWIRE','https://finance.yahoo.com/news/dow-earns-top-50-position-181500013.html','2024-03-11 00:00:00.000000','STORY',NULL,'DOW'),(133,'573ee84b-8efe-34a2-baa5-38686d6c1975','Dow to participate in the 2024 JP Morgan Industrials Conference','PR Newswire','https://finance.yahoo.com/news/dow-participate-2024-jp-morgan-130000322.html','2024-03-11 00:00:00.000000','STORY','https://s.yimg.com/uu/api/res/1.2/.yQJ3zsMBtTQtfvShB7hcw--~B/aD0xMzI7dz00MDA7YXBwaWQ9eXRhY2h5b24-/https://media.zenfs.com/en/prnewswire.com/29f724509730ec499fa49d672467e82c','DOW'),(134,'3434451f-8777-3e31-9734-20d9a2931915','18 Highest Paying Countries for Chemical Engineers','Insider Monkey','https://finance.yahoo.com/news/18-highest-paying-countries-chemical-180105383.html','2024-03-10 00:00:00.000000','STORY','https://s.yimg.com/uu/api/res/1.2/gVVgfDH0_TpkZe5mUiFB.Q--~B/aD04MTY7dz0xNDU2O2FwcGlkPXl0YWNoeW9u/https://media.zenfs.com/en/insidermonkey.com/66b8cf64a073b52244f652ee46e98ab8','DOW,HUN'),(135,'26a38497-aabd-38ef-b808-be4953ac1e81','Dow Inc. (DOW) Stock Declines While Market Improves: Some Information for Investors','Zacks','https://finance.yahoo.com/news/dow-inc-dow-stock-declines-230008006.html','2024-03-06 00:00:00.000000','STORY','https://s.yimg.com/uu/api/res/1.2/nxwFIPS2ImeTQYZMYlnAgg--~B/aD02MDA7dz05MDA7YXBwaWQ9eXRhY2h5b24-/https://media.zenfs.com/en/zacks.com/1a018a29aef5adbf5b4319f32058e209','DOW'),(136,'4a1b1fba-c47b-3613-a381-302ec3108849','Collaborating To Design for Circularity in Glove Packaging','ACCESSWIRE','https://finance.yahoo.com/news/collaborating-design-circularity-glove-packaging-175500114.html','2024-03-06 00:00:00.000000','STORY','https://s.yimg.com/uu/api/res/1.2/YFEz3VX9xLKe4iRySTz0mw--~B/aD01MDA7dz05NjA7YXBwaWQ9eXRhY2h5b24-/https://media.zenfs.com/en/accesswire.ca/fbf00533a5725e3748596b8896e5ff55','DOW'),(137,'98a7bf65-55c2-3eee-b27b-c1935c49bdfe','Cabot (CBT) Up 11.4% Since Last Earnings Report: Can It Continue?','Zacks','https://finance.yahoo.com/news/cabot-cbt-11-4-since-163016593.html','2024-03-06 00:00:00.000000','STORY','https://s.yimg.com/uu/api/res/1.2/Tw87WEC1wh0JNb8.IBuFMA--~B/aD02MDA7dz05MDA7YXBwaWQ9eXRhY2h5b24-/https://media.zenfs.com/en/zacks.com/03fca48475577988aa4e0db94f484b4e','DOW'),(138,'883ba5ca-1a5f-35a6-b9d9-424048f8a038','Dow (DOW) Shares Up 12% in 3 Months: What\'s Driving the Stock?','Zacks','https://finance.yahoo.com/news/dow-dow-shares-12-3-115200345.html','2024-03-06 00:00:00.000000','STORY','https://s.yimg.com/uu/api/res/1.2/7Ss_ahxI1JL8QmgBDBvOrg--~B/aD00MDA7dz02MzU7YXBwaWQ9eXRhY2h5b24-/https://media.zenfs.com/en/zacks.com/b722e658bf812e4a58e158c041871ac6','DOW,CRS'),(139,'371c153c-b427-3896-89ed-77cc3eaab003','Honeywell International Inc. (HON) Ascends While Market Falls: Some Facts to Note','Zacks','https://finance.yahoo.com/news/honeywell-international-inc-hon-ascends-220019048.html','2024-03-13 00:00:00.000000','STORY','https://s.yimg.com/uu/api/res/1.2/HIalcDlt7JZPKSITVlxPuw--~B/aD02MDA7dz05MDA7YXBwaWQ9eXRhY2h5b24-/https://media.zenfs.com/en/zacks.com/c2fdcaac033e049c74f38d188afcc9f9','HON'),(140,'f6dc6ee0-c223-3c61-934b-0212f40a73ff','Honeywell will seek \'relief\' on Bombardier engine pricing case at Canada\'s top court','Reuters','https://finance.yahoo.com/news/honeywell-seek-relief-bombardier-engine-110344944.html','2024-03-11 00:00:00.000000','STORY','https://s.yimg.com/uu/api/res/1.2/KMbTVV5HNVRFbiQ2ZL.EPQ--~B/aD01NDk7dz04MDA7YXBwaWQ9eXRhY2h5b24-/https://media.zenfs.com/en/reuters-finance.com/3fd70744997f1322cd420195b5c94e7e','HON'),(141,'c7335f49-bdc8-3ae4-a206-e2eaff494192','Honeywell International Inc. (HON) Beats Stock Market Upswing: What Investors Need to Know','Zacks','https://finance.yahoo.com/news/honeywell-international-inc-hon-beats-225013098.html','2024-03-07 00:00:00.000000','STORY','https://s.yimg.com/uu/api/res/1.2/UPInF06X6fJkTqeimnpZuQ--~B/aD03NDU7dz05MDA7YXBwaWQ9eXRhY2h5b24-/https://media.zenfs.com/en/zacks.com/078b2d95159d12a337f09f2519ff10ba','HON,^GSPC'),(142,'dd3affe0-7423-3fc2-b7df-d3d1199be649','Honeywell International Inc. (HON) is Attracting Investor Attention: Here is What You Should Know','Zacks','https://finance.yahoo.com/news/honeywell-international-inc-hon-attracting-140012635.html','2024-03-05 00:00:00.000000','STORY','https://s.yimg.com/uu/api/res/1.2/Fj4TPQveJWuth16WIsEVAw--~B/aD01OTQ7dz05MDA7YXBwaWQ9eXRhY2h5b24-/https://media.zenfs.com/en/zacks.com/46ebfcbff417ac1bbde85ad33fa0d4be','HON'),(143,'9198892a-1699-31f3-ac46-3e0bb2cc58b1','Honeywell International Inc. (HON) Stock Declines While Market Improves: Some Information for Investors','Zacks','https://finance.yahoo.com/news/honeywell-international-inc-hon-stock-225009877.html','2024-03-01 00:00:00.000000','STORY','https://s.yimg.com/uu/api/res/1.2/eeFsK50..hTdRBoBNDEyoA--~B/aD03MTE7dz05MDA7YXBwaWQ9eXRhY2h5b24-/https://media.zenfs.com/en/zacks.com/d2f7ed3d1940141716bfd200f5c94c6b','HON'),(144,'6e81daab-b354-3e52-bffe-548ec26e97e8','HISENSE SELECTS HONEYWELL TO MAKE HOME AIR CONDITIONERS SUSTAINABLE','PR Newswire','https://finance.yahoo.com/news/hisense-selects-honeywell-home-air-130000621.html','2024-02-29 00:00:00.000000','STORY','https://s.yimg.com/uu/api/res/1.2/I6r10QzYLa5cC5tsH9VbBg--~B/aD0xMjY7dz00MDA7YXBwaWQ9eXRhY2h5b24-/https://media.zenfs.com/en/prnewswire.com/9cb1cdb26140cf3fe64500edb00eb8a1','HON'),(145,'e980026b-7cc2-3281-8fb8-0fe4d069a47e','Honeywell International Inc\'s Dividend Analysis','GuruFocus.com','https://finance.yahoo.com/news/honeywell-international-incs-dividend-analysis-140710937.html','2024-02-28 00:00:00.000000','STORY','https://s.yimg.com/uu/api/res/1.2/FHnIMoTug4.l6iZGQKWYTA--~B/aD03OTI7dz0xMjQyO2FwcGlkPXl0YWNoeW9u/https://media.zenfs.com/en/us.finance.gurufocus/26241c3d902abb8d9b139514ad3b2d52','HON'),(146,'11071d90-0f9f-34ea-89e4-6f662fde2872','13 Best Diversified Dividend Stocks To Invest In','Insider Monkey','https://finance.yahoo.com/news/13-best-diversified-dividend-stocks-094103160.html','2024-02-28 00:00:00.000000','STORY','https://s.yimg.com/uu/api/res/1.2/YBQoT4eTm3PgBJ.l9nUz9Q--~B/aD0xMjgwO3c9MTkyMDthcHBpZD15dGFjaHlvbg--/https://media.zenfs.com/en/insidermonkey.com/d940df2e829c17173d31638432990d3d','^GSPC,TEL,GLW,CHD,HON,UL,CSL,EMR,CL,GE'),(147,'b0186391-2460-3b01-a03b-6889ec237fdc','UnitedHealth unit Change Healthcare\'s pharmacy network back online','Reuters','https://finance.yahoo.com/news/unitedhealth-says-unit-change-healthcares-222923192.html','2024-03-13 00:00:00.000000','STORY','https://s.yimg.com/uu/api/res/1.2/_rtpZb4fFrca9NhgrbKepA--~B/aD01MzM7dz04MDA7YXBwaWQ9eXRhY2h5b24-/https://media.zenfs.com/en/reuters-finance.com/eab0165f0150ea57d7e98e07b69f5287','UNH'),(148,'a090c3e6-4566-3d0f-900f-360e629a5a2c','UPDATE 3-UnitedHealth unit Change Healthcare\'s pharmacy network back online','Reuters','https://finance.yahoo.com/news/1-unitedhealth-says-unit-change-222049955.html','2024-03-13 00:00:00.000000','STORY',NULL,'UNH'),(149,'5ef840cc-59c1-325a-af48-844dae32d93f','UnitedHealth says its unit Change Healthcare\'s pharmacy network back online','Reuters','https://finance.yahoo.com/news/unitedhealth-says-unit-change-healthcares-221212850.html','2024-03-13 00:00:00.000000','STORY',NULL,'UNH'),(150,'a2b885b3-fd08-3f84-9e15-d1527bc2abb0','US Health Regulators Open Probe in UnitedHealth Cyberattack','Bloomberg','https://finance.yahoo.com/news/us-health-regulators-open-probe-220947977.html','2024-03-13 00:00:00.000000','STORY','https://s.yimg.com/uu/api/res/1.2/72J0yu22zjsQrIlISnMFnQ--~B/aD0xMzMzO3c9MjAwMDthcHBpZD15dGFjaHlvbg--/https://media.zenfs.com/en/bloomberg_markets_842/24d75f336d2789269d0952e996cd3ee2','UNH'),(151,'231a56bc-cca3-389e-8ec5-5bb378cd4ea0','The massive health care hack is now being investigated by the federal Office of Civil Rights','Associated Press Finance','https://finance.yahoo.com/news/massive-health-care-hack-now-204911248.html','2024-03-13 00:00:00.000000','STORY','https://s.yimg.com/uu/api/res/1.2/NBj.SVuvG.Ey5SzFzy9bXQ--~B/aD00OTEyO3c9NzM2MDthcHBpZD15dGFjaHlvbg--/https://media.zenfs.com/en/ap_finance_articles_694/9d29c6c239a26c6c0b111945333c5ee7','UNH'),(152,'263e5746-89d1-35cf-9d86-1c8b95d7a1b0','Healthcare Investors Aren’t Scared of Trump or Biden','The Wall Street Journal','https://finance.yahoo.com/m/263e5746-89d1-35cf-9d86-1c8b95d7a1b0/healthcare-investors-aren%E2%80%99t.html','2024-03-13 00:00:00.000000','STORY','https://s.yimg.com/uu/api/res/1.2/6qHECqCgF_4uAM1yoDtZWA--~B/aD02NDA7dz0xMjgwO2FwcGlkPXl0YWNoeW9u/https://media.zenfs.com/en/wsj.com/9d87717272cfefe3332a168bdd95c736','HCA,HUM,UNH,LLY'),(153,'8e88ee74-ec3e-312d-b659-5511967a15a0','Class action lawsuits pile up over UnitedHealth data breach','Reuters','https://finance.yahoo.com/news/class-action-lawsuits-pile-over-190857863.html','2024-03-13 00:00:00.000000','STORY','https://s.yimg.com/uu/api/res/1.2/_jUEVMx0o56n4.0MGkzetg--~B/aD01MzM7dz04MDA7YXBwaWQ9eXRhY2h5b24-/https://media.zenfs.com/en/reuters-finance.com/8db875f4dfd00e17d130b3aed8173ad2','UNH'),(154,'62f41a0d-66e4-37b8-ab9f-98b53ac5ec67','10 Walmart Food Items That Are Wastes of Money','GOBankingRates','https://finance.yahoo.com/news/10-walmart-food-items-wastes-190008794.html','2024-03-13 00:00:00.000000','STORY','https://s.yimg.com/uu/api/res/1.2/l0pwjv51lDz_MZVb4WbGXg--~B/aD0xMDgwO3c9MTkyMDthcHBpZD15dGFjaHlvbg--/https://media.zenfs.com/en/gobankingrates_644/fe092bf7f2510e24e7144b1762f401a1','WMT'),(155,'d03e2479-2ddf-423b-b45d-ae75ae0828c5','How AI-powered technologies can eventually eradicate retail crime','Yahoo Finance','https://finance.yahoo.com/news/how-ai-powered-technologies-can-eventually-eradicate-retail-crime-171551345.html','2024-03-13 00:00:00.000000','STORY','https://s.yimg.com/uu/api/res/1.2/PYFd0hnMVtxeqjh_P.FUWA--~B/aD03MjA7dz0xMjgwO2FwcGlkPXl0YWNoeW9u/https://s.yimg.com/os/creatr-uploaded-images/2024-03/7e0a8b30-e144-11ee-bfff-a88c8952b798','LOW,WBA,HD,WMT'),(156,'1e2cd22e-d11e-3cea-936e-3158dab4184f','Are You a Growth Investor? This 1 Stock Could Be the Perfect Pick','Zacks','https://finance.yahoo.com/news/growth-investor-1-stock-could-134508998.html','2024-03-13 00:00:00.000000','STORY','https://s.yimg.com/uu/api/res/1.2/HIalcDlt7JZPKSITVlxPuw--~B/aD02MDA7dz05MDA7YXBwaWQ9eXRhY2h5b24-/https://media.zenfs.com/en/zacks.com/c2fdcaac033e049c74f38d188afcc9f9','WMT'),(157,'1d2d7680-7e86-3b25-ab94-240301e5413e','Zacks Industry Outlook Highlights Walmart and The Kroger','Zacks','https://finance.yahoo.com/news/zacks-industry-outlook-highlights-walmart-132000112.html','2024-03-13 00:00:00.000000','STORY','https://s.yimg.com/uu/api/res/1.2/sz4jtUAoHTMtPmoY__yGZA--~B/aD00MDA7dz02MzU7YXBwaWQ9eXRhY2h5b24-/https://media.zenfs.com/en/zacks.com/3d76cb528670a51f2c5ec1e11cfb6cdb','KR,WMT,^GSPC'),(158,'1fe69355-509e-3ba1-9367-07c154fa8e05','Costco Stock: Bull vs. Bear','Motley Fool','https://finance.yahoo.com/m/1fe69355-509e-3ba1-9367-07c154fa8e05/costco-stock%3A-bull-vs.-bear.html','2024-03-13 00:00:00.000000','STORY','https://s.yimg.com/uu/api/res/1.2/LoFa6DLVA3aJGvIJukaKXA--~B/aD04MDA7dz0xMjAwO2FwcGlkPXl0YWNoeW9u/https://media.zenfs.com/en/motleyfool.com/7e0c84625899e735e4222c50c8a03a5d','COST,WMT'),(159,'19d1a62c-8166-31b2-b03f-47e44e7a1dad','11 Best Department Store Stocks To Invest In','Insider Monkey','https://finance.yahoo.com/news/11-best-department-store-stocks-122615665.html','2024-03-13 00:00:00.000000','STORY','https://s.yimg.com/uu/api/res/1.2/eCUgujERWTsmynhBZm71PQ--~B/aD00MzA7dz03Njg7YXBwaWQ9eXRhY2h5b24-/https://media.zenfs.com/en/insidermonkey.com/9087235db433c1f8fe4ce879f9dbc2ae','M,FIVE,DLTR,KR,DG,TGT,WMT,ROST,COST'),(160,'7125da11-9b2d-3280-ba2a-a942ae6fb6cd','Walmart Inc\'s Dividend Analysis','GuruFocus.com','https://finance.yahoo.com/news/walmart-incs-dividend-analysis-110152607.html','2024-03-13 00:00:00.000000','STORY','https://s.yimg.com/uu/api/res/1.2/f8bTLSHIj_hxXMkNr9RMYg--~B/aD03OTI7dz0xMjQyO2FwcGlkPXl0YWNoeW9u/https://media.zenfs.com/en/us.finance.gurufocus/fea30bbd55715fb4d61797b0db31d352','WMT'),(161,'70465311-5f0e-375f-9c1f-92f97c0ed12c','Intel Ex-CFO Stacy Smith Returns to Chipmaker as Board Member','Bloomberg','https://finance.yahoo.com/news/intel-ex-cfo-stacy-smith-212105333.html','2024-03-13 00:00:00.000000','STORY','https://s.yimg.com/uu/api/res/1.2/univcRRqTr6iMr9TQyAizg--~B/aD0xMzMzO3c9MjAwMDthcHBpZD15dGFjaHlvbg--/https://media.zenfs.com/en/bloomberg_technology_68/253bc5f48e7927a29f896f3dba39d5a4','INTC'),(162,'029caa12-6564-34a7-aa80-fe90c9ce904c','US STOCKS-Wall Street ends mostly lower as chipmakers ease; inflation data ahead','Reuters','https://finance.yahoo.com/news/us-stocks-wall-street-ends-205302544.html','2024-03-13 00:00:00.000000','STORY',NULL,'COMP,^GSPC,INTC,DLTR,NVDA'),(163,'555baed6-f80b-3d0c-9427-859780b0c9f7','Intel Appoints Stacy Smith to Board of Directors','Business Wire','https://finance.yahoo.com/news/intel-appoints-stacy-smith-board-203000863.html','2024-03-13 00:00:00.000000','STORY','https://s.yimg.com/uu/api/res/1.2/OpFZVy85eNe95vINP4kHxQ--~B/aD00ODA7dz0zMjA7YXBwaWQ9eXRhY2h5b24-/https://media.zenfs.com/en/business-wire.com/b899d8e88f8a794991051f87ad9237da','INTC'),(164,'0b3970fc-cbec-3726-9ac0-128367463853','These Stocks Moved the Most Today: Tesla, Dollar Tree, Williams-Sonoma, Nvidia, Carnival, and More','Barrons.com','https://finance.yahoo.com/m/0b3970fc-cbec-3726-9ac0-128367463853/these-stocks-moved-the-most.html','2024-03-13 00:00:00.000000','STORY','https://s.yimg.com/uu/api/res/1.2/VMG9tGGZmlMeI6LJQNFAkg--~B/aD02NDA7dz0xMjgwO2FwcGlkPXl0YWNoeW9u/https://media.zenfs.com/en/Barrons.com/f7d6b590ac37b5cab26b6dc7ad0a5dde','BA,INTC,LUV,COIN'),(165,'9d1b1e8c-d776-32b2-ac8a-f5bf31b759da','US STOCKS-S&P 500 nearly flat but chip stocks ease; more inflation data ahead','Reuters','https://finance.yahoo.com/news/us-stocks-p-500-nearly-191031083.html','2024-03-13 00:00:00.000000','STORY',NULL,'^GSPC,COMP,INTC,^DJI,DLTR,NVDA'),(166,'ca769e5a-3edb-309f-bd06-96d4bf7d113b','US STOCKS-Tech-heavy Nasdaq slides as yields rise, chip stocks fall','Reuters','https://finance.yahoo.com/news/us-stocks-tech-heavy-nasdaq-161616759.html','2024-03-13 00:00:00.000000','STORY',NULL,'COMP,^GSPC,^DJI,INTC'),(167,'181b8c4d-256b-391a-a2b0-07e5735d647b','Has the Sun Set on Apple\'s Innovation-Driven Stock?','Motley Fool','https://finance.yahoo.com/m/181b8c4d-256b-391a-a2b0-07e5735d647b/has-the-sun-set-on-apple%27s.html','2024-03-13 00:00:00.000000','STORY','https://s.yimg.com/uu/api/res/1.2/ANpC5W11vpDnZalKnRnFSQ--~B/aD0zODQwO3c9NTc2MDthcHBpZD15dGFjaHlvbg--/https://media.zenfs.com/en/motleyfool.com/850fc470a6d459000404236154b4d027','AAPL,INTC'),(168,'b7104481-c843-387c-b123-c62686bded1f','Here\'s Why IBM (IBM) Fell More Than Broader Market','Zacks','https://finance.yahoo.com/news/heres-why-ibm-ibm-fell-214517616.html','2024-03-13 00:00:00.000000','STORY','https://s.yimg.com/uu/api/res/1.2/T44Iwg7RbRrkaTIYz_liyQ--~B/aD00Njk7dz05MDA7YXBwaWQ9eXRhY2h5b24-/https://media.zenfs.com/en/zacks.com/737ffb82e07dc8bffb77e72d153c91f2','IBM'),(169,'d5edc075-e1a6-3fe6-9d3d-e4c363582df2','IBM To Invest $45 Million in Climate Adaptation-Focused Social Impact Program','ACCESSWIRE','https://finance.yahoo.com/news/ibm-invest-45-million-climate-131500411.html','2024-03-13 00:00:00.000000','STORY','https://s.yimg.com/uu/api/res/1.2/t.dOCn_CVtSkFmBxqWC7bA--~B/aD00MDA7dz00MDA7YXBwaWQ9eXRhY2h5b24-/https://media.zenfs.com/en/accesswire.ca/a3c7de7e553fa80dc817ce551d1bbb2a','IBM'),(170,'77346bc4-9c6e-3a54-876e-252c36205e5f','Media Alert: IBM Applauds EU Parliament\'s Approval of the EU AI Act','PR Newswire','https://finance.yahoo.com/news/media-alert-ibm-applauds-eu-120500326.html','2024-03-13 00:00:00.000000','STORY','https://s.yimg.com/uu/api/res/1.2/wLj54T7v4O6ObM.vW9HXAw--~B/aD0yMDk7dz00MDA7YXBwaWQ9eXRhY2h5b24-/https://media.zenfs.com/en/prnewswire.com/e8e35bc699b4c983f38bca884ffd6867','IBM'),(171,'62e474a2-c5fa-3642-b957-2fda35d71eaf','Oracle (ORCL) Unveils Enhancements to Health Data Intelligence','Zacks','https://finance.yahoo.com/news/oracle-orcl-unveils-enhancements-health-120400537.html','2024-03-13 00:00:00.000000','STORY','https://s.yimg.com/uu/api/res/1.2/4UImlos11YVRz_bPus7vxg--~B/aD00MDA7dz02MzU7YXBwaWQ9eXRhY2h5b24-/https://media.zenfs.com/en/zacks.com/44deeada4a931587093cfb55cec8bf0e','ORCL,IBM'),(172,'d6d1334e-d598-328c-adde-77cde2948510','10 Best Alternatives to Amazon Echo and Alexa','Insider Monkey','https://finance.yahoo.com/news/10-best-alternatives-amazon-echo-224437007.html','2024-03-12 00:00:00.000000','STORY','https://s.yimg.com/uu/api/res/1.2/5CsJcCQYkIJVZKWQli7Heg--~B/aD0xMjg0O3c9MTkyMDthcHBpZD15dGFjaHlvbg--/https://media.zenfs.com/en/insidermonkey.com/fa047dc9147dab502d76dc7f4cab5de6','AMZN,SONO,GOOG,MSFT,IBM'),(173,'4337e8e6-17be-3fe4-9e9a-2c4930cc3726','Why IBM Stock Topped the Market on Tuesday','Motley Fool','https://finance.yahoo.com/m/4337e8e6-17be-3fe4-9e9a-2c4930cc3726/why-ibm-stock-topped-the.html','2024-03-12 00:00:00.000000','STORY','https://s.yimg.com/uu/api/res/1.2/HD4U5y.EDn5F6AyDDtuQIA--~B/aD0xNDE0O3c9MjEyMTthcHBpZD15dGFjaHlvbg--/https://media.zenfs.com/en/motleyfool.com/4be2c6062fb5b42222dd278aa6bf673e','IBM,^GSPC'),(174,'844439d4-5c3f-35cf-84b5-0c25d00aef80','IBM has underappreciated AI potential: BoFA','Yahoo Finance Video','https://finance.yahoo.com/video/ibm-underappreciated-ai-potential-bofa-201653718.html','2024-03-12 00:00:00.000000','VIDEO','https://s.yimg.com/uu/api/res/1.2/5RKg9g_DFK8DYILNsiJM0Q--~B/aD0yNTExO3c9NDQ2ODthcHBpZD15dGFjaHlvbg--/https://s.yimg.com/os/creatr-uploaded-images/2024-03/f15fbeb0-e0aa-11ee-bd7c-55af10d53357','IBM'),(175,'84577375-676c-3f18-8eaa-64be81b8e078','3 Stocks to Watch in a Challenging Technology Solutions Industry','Zacks','https://finance.yahoo.com/news/3-stocks-watch-challenging-technology-183200872.html','2024-03-12 00:00:00.000000','STORY','https://s.yimg.com/uu/api/res/1.2/mYQcKrBErD723LN8P5V9xQ--~B/aD00MDA7dz02MzU7YXBwaWQ9eXRhY2h5b24-/https://media.zenfs.com/en/zacks.com/d87cc8e5693753ce8e232e0a527e4885','IBM,HPE,^GSPC,AGYS'),(176,'890afa8e-df11-36d4-a949-ea9942b75638','10 Highest Dividend-Paying Stocks in the S&P 500','Insider Monkey','https://finance.yahoo.com/news/10-highest-dividend-paying-stocks-123951729.html','2024-03-13 00:00:00.000000','STORY','https://s.yimg.com/uu/api/res/1.2/p_I.IJJBNX31SuQEt4nnZg--~B/aD04MTY7dz0xNDU2O2FwcGlkPXl0YWNoeW9u/https://media.zenfs.com/en/insidermonkey.com/022b5aa4baa2ef4653f62dd6dddf3a7a','^GSPC,PFE,T,TFC,O,VZ,KMI'),(177,'1a7dcdff-cdc9-379d-a7dc-bcf42ad4d828','15 Biggest Telecom Companies in the US','Insider Monkey','https://finance.yahoo.com/news/15-biggest-telecom-companies-us-224945747.html','2024-03-12 00:00:00.000000','STORY','https://s.yimg.com/uu/api/res/1.2/mACLPw91pikmv7nALBwNkA--~B/aD04MTY7dz0xNDU2O2FwcGlkPXl0YWNoeW9u/https://media.zenfs.com/en/insidermonkey.com/e127bbea2ea24c24f6e4ad4d2cb5e3ee','VZ,TMUS,USM,CABO,CMCSA,SATS,GSAT,IRDM,LBRDK,CCOI'),(178,'434fb970-9e99-3be9-a7f8-6ae831121c39','25 Countries With The Highest Number of Internet Users in 2024','Insider Monkey','https://finance.yahoo.com/news/25-countries-highest-number-internet-182553746.html','2024-03-12 00:00:00.000000','STORY','https://s.yimg.com/uu/api/res/1.2/L.IsxuuQ_EeGKFjo5NGXdw--~B/aD04MTY7dz0xNDU2O2FwcGlkPXl0YWNoeW9u/https://media.zenfs.com/en/insidermonkey.com/da650ec27a380f04ac77cf52e70048f9','T,CMCSA,VZ'),(179,'86845f5f-e26b-3d49-abdf-35c9e785b124','Comcast (CMCSA) Texas to Invest $1M for Digital Training','Zacks','https://finance.yahoo.com/news/comcast-cmcsa-texas-invest-1m-123600982.html','2024-03-12 00:00:00.000000','STORY','https://s.yimg.com/uu/api/res/1.2/Yk_dR9XbIE_MC_Vc.wggKg--~B/aD00MDA7dz02MzU7YXBwaWQ9eXRhY2h5b24-/https://media.zenfs.com/en/zacks.com/d31df1fcf5111bc7d9fb1ca26e33b019','CMCSA,T,VZ'),(180,'092200f2-3493-3643-aaa5-33f738bdf032','2 High-Yield Dow Jones Dividend Stocks to Buy Now and Hold Forever','Motley Fool','https://finance.yahoo.com/m/092200f2-3493-3643-aaa5-33f738bdf032/2-high-yield-dow-jones.html','2024-03-12 00:00:00.000000','STORY','https://s.yimg.com/uu/api/res/1.2/5PPVgOOp6XWdVGr9q1427w--~B/aD05MzM7dz0xNDAwO2FwcGlkPXl0YWNoeW9u/https://media.zenfs.com/en/motleyfool.com/bd485409ee52c9623ba6eb2f78a2949d','VZ,JNJ,^DJI'),(181,'2081ecf6-592a-3dbf-8630-e05e86ae35a4','3 Stocks to Buy for Strong Cash-Generating Abilities','Zacks','https://finance.yahoo.com/news/3-stocks-buy-strong-cash-225400482.html','2024-03-11 00:00:00.000000','STORY','https://s.yimg.com/uu/api/res/1.2/8IbSz7A4pSsqK5Rfs61ytw--~B/aD00MTM7dz02MjA7YXBwaWQ9eXRhY2h5b24-/https://media.zenfs.com/en/zacks.com/72e92f2def8e0975361faddc09fe1438','VZ,^GSPC,MSFT'),(182,'062bc456-7a7e-3370-8b95-62d016d84287','Verizon Communications (VZ) Ascends While Market Falls: Some Facts to Note','Zacks','https://finance.yahoo.com/news/verizon-communications-vz-ascends-while-214519533.html','2024-03-11 00:00:00.000000','STORY','https://s.yimg.com/uu/api/res/1.2/I67vygGrP1BjgOjVx.apeA--~B/aD03Mjg7dz05MDA7YXBwaWQ9eXRhY2h5b24-/https://media.zenfs.com/en/zacks.com/b9775f315e7b6c4ada6e36d0048a929a','VZ'),(183,'125fecca-e9ba-36c1-a48a-e44a7bf96a22','UPDATE 3-US FDA staff raise concerns over data from J&J, Bristol\'s CAR-T therapies','Reuters','https://finance.yahoo.com/news/1-us-fda-staff-flags-130515785.html','2024-03-13 00:00:00.000000','STORY',NULL,'CELG-RT,JNJ'),(184,'40034e75-f8a1-3263-8847-654fa159619b','US FDA staff flag safety concerns from J&J, Bristol\'s CAR-T therapies','Reuters','https://finance.yahoo.com/news/us-fda-staff-flag-safety-124741596.html','2024-03-13 00:00:00.000000','STORY',NULL,'CELG-RT,JNJ'),(185,'b2d82a11-f315-3c8d-b80f-2dd738dc57f4','11 Oversold Healthcare Stocks To Buy Right Now','Insider Monkey','https://finance.yahoo.com/news/11-oversold-healthcare-stocks-buy-121714179.html','2024-03-13 00:00:00.000000','STORY','https://s.yimg.com/uu/api/res/1.2/Gk62XAnlyr3ozq2rlHwDog--~B/aD04MTY7dz0xNDU2O2FwcGlkPXl0YWNoeW9u/https://media.zenfs.com/en/insidermonkey.com/a0c37756e263a60a8576e6fc84255063','TXG,MXCT,PETS,IART,MCRB,ABBV,JNJ,LLY,CELG-RT'),(186,'c2b59101-62d9-3b13-9e21-258a480d0bba','3 No-Brainer Stocks to Buy With $300 Right Now','Motley Fool','https://finance.yahoo.com/m/c2b59101-62d9-3b13-9e21-258a480d0bba/3-no-brainer-stocks-to-buy.html','2024-03-13 00:00:00.000000','STORY','https://s.yimg.com/uu/api/res/1.2/ce7YgxPi.eO0mcG7mz_t2Q--~B/aD04NDE7dz0xNDAwO2FwcGlkPXl0YWNoeW9u/https://media.zenfs.com/en/motleyfool.com/644b343590254293cdb9b382d652d2c2','SDAWW,JNJ,SPGI,BABA,^GSPC'),(187,'6071e889-c149-34bc-b1aa-5ccced089e74','15 Best States To Live In: 2024 Rankings','Insider Monkey','https://finance.yahoo.com/news/15-best-states-live-2024-172028729.html','2024-03-12 00:00:00.000000','STORY','https://s.yimg.com/uu/api/res/1.2/ZsQKzeJ81Z7wrdjuJLXTtg--~B/aD0xNTM2O3c9MTkyMDthcHBpZD15dGFjaHlvbg--/https://media.zenfs.com/en/insidermonkey.com/865b996527e07ddf9e1cb0c8f26ad1d1','^GSPC,ABBV,JNJ,PFE'),(188,'a6b78a24-97a5-31ef-b867-6e8e1923fa6e','Artelo Biosciences Selected as a Finalist in Johnson & Johnson’s Innovation Challenge','GlobeNewswire','https://finance.yahoo.com/news/artelo-biosciences-selected-finalist-johnson-131500143.html','2024-03-12 00:00:00.000000','STORY','https://s.yimg.com/uu/api/res/1.2/LsOfT_i2HyRROCyPne8Ffg--~B/aD04MDt3PTE4MzthcHBpZD15dGFjaHlvbg--/https://media.zenfs.com/en/globenewswire.com/381a7efb1ceb66fbf825cc9d7c63acc2','ARTL,ARTLW,JNJ'),(189,'b7afcdb3-49bb-3379-b5ca-a0773761fa6e','JPMorgan may become \'the Nvidia of banking\': Mike Mayo','Yahoo Finance Video','https://finance.yahoo.com/video/jpmorgan-may-become-nvidia-banking-211242244.html','2024-03-13 00:00:00.000000','VIDEO','https://s.yimg.com/uu/api/res/1.2/PfSPiACnm5F5FuFxpqWBOw--~B/aD0zNzc1O3c9NjcyMDthcHBpZD15dGFjaHlvbg--/https://s.yimg.com/os/creatr-uploaded-images/2024-03/ccbbed90-e177-11ee-9a72-66814b07e536','C,JPM'),(190,'ee1620e4-8fff-36b4-b52d-88feee2e6267','Tesla\'s Market Cap is Smaller than JPMorgan\'s','The Wall Street Journal','https://finance.yahoo.com/m/ee1620e4-8fff-36b4-b52d-88feee2e6267/tesla%27s-market-cap-is-smaller.html','2024-03-13 00:00:00.000000','STORY','https://s.yimg.com/uu/api/res/1.2/Fwf5HL4GsEGPbDfR3MJBPg--~B/aD02MzA7dz0xMjAwO2FwcGlkPXl0YWNoeW9u/https://media.zenfs.com/en/wsj.com/7b2c285183be07ca3c4e8242b25a59a8','TSLA,JPM'),(191,'87c8a956-0618-3cd7-baf6-34f0939792e7','Why Bank Branches Are Key to JPMorgan Chase’s Wealth Management Ambitions','Barrons.com','https://finance.yahoo.com/m/87c8a956-0618-3cd7-baf6-34f0939792e7/why-bank-branches-are-key-to.html','2024-03-13 00:00:00.000000','STORY','https://s.yimg.com/uu/api/res/1.2/dfXg9vYNHqYxpnhARRPhtw--~B/aD02NDA7dz0xMjgwO2FwcGlkPXl0YWNoeW9u/https://media.zenfs.com/en/Barrons.com/7f1251fa283fa41da36b55a84e1b79c3','JPM'),(192,'4d09a1ee-c469-3224-9e85-3b8ac7de3c88','J.P. Morgan Wealth Management and Entrepreneur Daniella Pierson Will Host Event to Help Women Build Financial Freedom','Business Wire','https://finance.yahoo.com/news/j-p-morgan-wealth-management-134400929.html','2024-03-13 00:00:00.000000','STORY','https://s.yimg.com/uu/api/res/1.2/ckY2zVx_eFaI4pKBnWGEjQ--~B/aD01MTI7dz0xMDI0O2FwcGlkPXl0YWNoeW9u/https://media.zenfs.com/en/business-wire.com/9ee61eeb426c82e7608cd737b22a15ed','JPM'),(193,'e9e6d02b-8405-3430-946e-c4f1d009635d','ETF Veteran Jon Maier Joins J.P. Morgan Asset Management','PR Newswire','https://finance.yahoo.com/news/etf-veteran-jon-maier-joins-133500262.html','2024-03-13 00:00:00.000000','STORY','https://s.yimg.com/uu/api/res/1.2/A2TYBjpJHaa3s8Jdc1H.Ww--~B/aD0xMzQ7dz00MDA7YXBwaWQ9eXRhY2h5b24-/https://media.zenfs.com/en/prnewswire.com/4f95085493fdd9e657beefbb69a18df6','JPM'),(194,'cdff4eab-74c9-3cc7-8483-d680d01f252d','Warren Buffett Bought a Mystery Stock in Q4. Here Are 3 Good Candidates.','Motley Fool','https://finance.yahoo.com/m/cdff4eab-74c9-3cc7-8483-d680d01f252d/warren-buffett-bought-a.html','2024-03-13 00:00:00.000000','STORY','https://s.yimg.com/uu/api/res/1.2/Uv85tPGRhxM_rQjSKNfazA--~B/aD0xMzY1O3c9MjA0ODthcHBpZD15dGFjaHlvbg--/https://media.zenfs.com/en/motleyfool.com/c900f60a35bf5549f89924dd576407ab','COF,JPM,DFS,MSFT'),(195,'f7c4497e-1306-376d-a568-da673530ee09','In the Market: Bid to end bank \'window dressing\' may reshape US repo market','Reuters','https://finance.yahoo.com/news/market-bid-end-bank-window-050531998.html','2024-03-13 00:00:00.000000','STORY','https://s.yimg.com/uu/api/res/1.2/6P0Pf9B_P.8jDXTijOpxKg--~B/aD01MzM7dz04MDA7YXBwaWQ9eXRhY2h5b24-/https://media.zenfs.com/en/reuters-finance.com/0f1f87d1e416cc99653338620eadeadb','SDAWW,JPM'),(196,'36883c73-25a3-3cd8-a882-96607dfbcae2','Adidas posts first loss in 30 years after Yeezy crisis','The Telegraph','https://finance.yahoo.com/m/36883c73-25a3-3cd8-a882-96607dfbcae2/adidas-posts-first-loss-in-30.html','2024-03-13 00:00:00.000000','STORY','https://s.yimg.com/uu/api/res/1.2/EslM3fQzTGiwBV4nHsv_ZQ--~B/aD0xNTY3O3c9MjUwMDthcHBpZD15dGFjaHlvbg--/https://media.zenfs.com/en/the_telegraph_258/e245ec34bec6b8d3b547a627d933c7bf','ADS.DE,NKE'),(197,'e7859a31-9160-37f0-8f50-4981b027e242','Analysts revamp Nike stock price targets ahead of earnings','TheStreet','https://finance.yahoo.com/m/e7859a31-9160-37f0-8f50-4981b027e242/analysts-revamp-nike-stock.html','2024-03-12 00:00:00.000000','STORY','https://s.yimg.com/uu/api/res/1.2/tD2aTrQq36Xm9q6JH_ZE.w--~B/aD04MDA7dz0xMjAwO2FwcGlkPXl0YWNoeW9u/https://media.zenfs.com/en/thestreet_881/8a963e128dccd4893c704ed4a74f7c23','NKE'),(198,'ead6a5f3-c5e5-35c7-aad5-61a6720de99c','Nike (NKE) Stock Sinks As Market Gains: What You Should Know','Zacks','https://finance.yahoo.com/news/nike-nke-stock-sinks-market-214517642.html','2024-03-12 00:00:00.000000','STORY','https://s.yimg.com/uu/api/res/1.2/XxozWWpdDFgGg6m0CzltLg--~B/aD02MDI7dz05MDA7YXBwaWQ9eXRhY2h5b24-/https://media.zenfs.com/en/zacks.com/45c083e4721b0d0d1f6e431ec0bb5cc1','NKE'),(199,'e07395e3-d3f2-36f2-a5f0-87850105fbdc','On Running Tumbles From Buy Point After Big Earnings Miss','Investor\'s Business Daily','https://finance.yahoo.com/m/e07395e3-d3f2-36f2-a5f0-87850105fbdc/on-running-tumbles-from-buy.html','2024-03-12 00:00:00.000000','STORY','https://s.yimg.com/uu/api/res/1.2/cqY7QS_yRjmPlar9_yvhiQ--~B/aD01NjM7dz0xMDAwO2FwcGlkPXl0YWNoeW9u/https://media.zenfs.com/en/ibd.com/611fd6003f55afd9f63ce76b38f4872b','ONON,SKX,CROX,NKE'),(200,'bd0b38b9-2d94-3f90-95c8-181a63ffd9a4','3 Reasons This Magnificent Growth Stock Is a No-Brainer Buy Right Now','Motley Fool','https://finance.yahoo.com/m/bd0b38b9-2d94-3f90-95c8-181a63ffd9a4/3-reasons-this-magnificent.html','2024-03-12 00:00:00.000000','STORY','https://s.yimg.com/uu/api/res/1.2/sad63QxLe1Y65spwQ1jOWA--~B/aD04MDA7dz0xMjAwO2FwcGlkPXl0YWNoeW9u/https://media.zenfs.com/en/motleyfool.com/3b3cdfcdb9305568254df7e6928c0760','LULU,NKE'),(201,'537338e3-4e63-3259-b72f-9772a62f9c3a','Nike (NKE) Gains As Market Dips: What You Should Know','Zacks','https://finance.yahoo.com/news/nike-nke-gains-market-dips-215018811.html','2024-03-11 00:00:00.000000','STORY','https://s.yimg.com/uu/api/res/1.2/d6hN0_BhikrNdWTnix6fng--~B/aD03NDE7dz05MDA7YXBwaWQ9eXRhY2h5b24-/https://media.zenfs.com/en/zacks.com/7853de8d69faeccb7d1ad6ebba40b8a2','NKE'),(202,'f88cc76d-c9f7-3d61-8d44-0b5281823ab1','1 Spectacular Growth Stock Down 44% You\'ll Regret Not Buying on the Dip','Motley Fool','https://finance.yahoo.com/m/f88cc76d-c9f7-3d61-8d44-0b5281823ab1/1-spectacular-growth-stock.html','2024-03-11 00:00:00.000000','STORY','https://s.yimg.com/uu/api/res/1.2/YYisz_4W0dzMfuPPWCjvSA--~B/aD0xNDE0O3c9MjEyMTthcHBpZD15dGFjaHlvbg--/https://media.zenfs.com/en/motleyfool.com/99b5807b3c10b5bb1cdab98b598733e7','NKE,^GSPC'),(203,'84baf39d-0d14-3af4-a26b-9ed94f9eaa34','Owner of Family Dollar to Close 1,000 Stores','The Wall Street Journal','https://finance.yahoo.com/m/84baf39d-0d14-3af4-a26b-9ed94f9eaa34/owner-of-family-dollar-to.html','2024-03-14 00:00:00.000000','STORY','https://s.yimg.com/uu/api/res/1.2/AaCBa.7iD5GxG03PMKBLsA--~B/aD02NDA7dz0xMjgwO2FwcGlkPXl0YWNoeW9u/https://media.zenfs.com/en/wsj.com/eee397f837693032d8fd3b72b0a48d08','DLTR,MCD'),(204,'7ecd461f-f849-34e2-b0b6-09b6f9726e47','McDonald\'s stock slides: Consumers pick groceries amid inflation','Yahoo Finance Video','https://finance.yahoo.com/video/mcdonalds-stock-slides-consumers-pick-200927599.html','2024-03-13 00:00:00.000000','VIDEO','https://s.yimg.com/uu/api/res/1.2/IEkpS_Wg8suOSGPgSc7CGw--~B/aD0yNDQwO3c9NDMzMjthcHBpZD15dGFjaHlvbg--/https://s.yimg.com/os/creatr-uploaded-images/2024-03/2346df80-e173-11ee-ae79-49b2800cdf33','MCD'),(205,'71ff7072-0801-3b64-9a71-5f8ede4308fc','US STOCKS-Wall Street ends mostly lower as chipmakers ease; inflation data ahead','Reuters','https://finance.yahoo.com/news/us-stocks-wall-street-ends-200032702.html','2024-03-13 00:00:00.000000','STORY',NULL,'COMP,^DJI,^GSPC,INTC,DLTR,MCD'),(206,'2797a976-9316-3390-aeb2-48b8cf8f868d','McDonald’s Stock Falls as Company Says Lower-Income Consumers Are Pulling Back','The Wall Street Journal','https://finance.yahoo.com/m/2797a976-9316-3390-aeb2-48b8cf8f868d/mcdonald%E2%80%99s-stock-falls-as.html','2024-03-13 00:00:00.000000','STORY','https://s.yimg.com/uu/api/res/1.2/eCKcuYc5CjE6BwD5b_0NMg--~B/aD02NDA7dz0xMjgwO2FwcGlkPXl0YWNoeW9u/https://media.zenfs.com/en/wsj.com/74d62c7807ebdcdf161374afc6f6afbd','WEN,MCD,QSR'),(207,'f23386ea-fe02-37e1-afd6-aa932aa3bad2','McDonald\'s overseas sales to slow further this quarter, CFO says','Reuters','https://finance.yahoo.com/news/mcdonalds-cfo-says-overseas-sales-142215089.html','2024-03-13 00:00:00.000000','STORY','https://s.yimg.com/uu/api/res/1.2/BN66c16glsFwzt9D7HRC4Q--~B/aD0yODg5O3c9NDMzMjthcHBpZD15dGFjaHlvbg--/https://s.yimg.com/os/creatr-uploaded-images/2024-03/466f53a0-e148-11ee-89ef-9b815884d501','MCD'),(208,'6953a0bd-ca45-3187-8ad5-f37499a72972','15 Best Alternatives to Starbucks Coffee','Insider Monkey','https://finance.yahoo.com/news/15-best-alternatives-starbucks-coffee-140537160.html','2024-03-13 00:00:00.000000','STORY','https://s.yimg.com/uu/api/res/1.2/be8arIyYxER1OXtV8oh2GQ--~B/aD04MTY7dz0xNDU2O2FwcGlkPXl0YWNoeW9u/https://media.zenfs.com/en/insidermonkey.com/81c4858600bcbdd6209ad6df91118ceb','SBUX,MCD,NSRGF'),(209,'ef03b58c-4061-3720-8b99-7bcc7977208f','Column: A Trump judge eviscerates a pro-worker regulation at the request of big employers','LA Times','https://finance.yahoo.com/news/column-trump-judge-eviscerates-pro-100017488.html','2024-03-13 00:00:00.000000','STORY','https://s.yimg.com/uu/api/res/1.2/BZJebUWttau..C7Ock9R8g--~B/aD01NjA7dz04NDA7YXBwaWQ9eXRhY2h5b24-/https://media.zenfs.com/en/la_times_articles_853/5608403dace35ad7290fcff62922c22f','MCD'),(210,'c4965fdf-2c09-3ccb-adf0-f3268d3dd59f','Fast food titans vie for morning customers\' breakfast dollars','Yahoo Finance Video','https://finance.yahoo.com/video/breakfast-wars-fast-food-titans-215219303.html','2024-03-12 00:00:00.000000','VIDEO','https://s.yimg.com/uu/api/res/1.2/yfMOJfKWVR9xU9YnMz4l9g--~B/aD0zMDcxO3c9NTQ1NjthcHBpZD15dGFjaHlvbg--/https://s.yimg.com/os/creatr-uploaded-images/2024-03/e5f03b20-e0b6-11ee-bb7f-4ae6eda5111d','WEN,MCD,QSR,SBUX');
/*!40000 ALTER TABLE `news` ENABLE KEYS */;
UNLOCK TABLES;

--
-- Table structure for table `stock`
--

DROP TABLE IF EXISTS `stock`;
/*!40101 SET @saved_cs_client     = @@character_set_client */;
/*!50503 SET character_set_client = utf8mb4 */;
CREATE TABLE `stock` (
  `currency` varchar(10) NOT NULL,
  `symbol` varchar(10) NOT NULL,
  `exchangeName` varchar(50) NOT NULL,
  `instrumentType` varchar(50) NOT NULL,
  `firstTradeDate` bigint NOT NULL,
  `regularMarketTime` bigint NOT NULL,
  `hasPrePostMarketData` tinyint(1) NOT NULL,
  `gmtoffset` int NOT NULL,
  `timezone` varchar(50) NOT NULL,
  `exchangeTimezoneName` varchar(50) NOT NULL,
  `regularMarketPrice` decimal(10,2) NOT NULL,
  `priceHint` int NOT NULL,
  `dataGranularity` varchar(10) NOT NULL,
  `range` varchar(10) NOT NULL,
  `validRanges` varchar(100) NOT NULL,
  `post_market_id` int DEFAULT NULL,
  `pre_market_id` int DEFAULT NULL,
  `regular_market_id` int NOT NULL,
  PRIMARY KEY (`symbol`),
  UNIQUE KEY `regular_market_id` (`regular_market_id`),
  UNIQUE KEY `post_market_id` (`post_market_id`),
  UNIQUE KEY `pre_market_id` (`pre_market_id`),
  CONSTRAINT `stock_post_market_id_b039c669_fk_trading_period_id` FOREIGN KEY (`post_market_id`) REFERENCES `trading_period` (`id`),
  CONSTRAINT `stock_pre_market_id_3387c32e_fk_trading_period_id` FOREIGN KEY (`pre_market_id`) REFERENCES `trading_period` (`id`),
  CONSTRAINT `stock_regular_market_id_bf4501ae_fk_trading_period_id` FOREIGN KEY (`regular_market_id`) REFERENCES `trading_period` (`id`)
) ENGINE=InnoDB DEFAULT CHARSET=utf8mb4 COLLATE=utf8mb4_0900_ai_ci;
/*!40101 SET character_set_client = @saved_cs_client */;

--
-- Dumping data for table `stock`
--

LOCK TABLES `stock` WRITE;
/*!40000 ALTER TABLE `stock` DISABLE KEYS */;
INSERT INTO `stock` VALUES ('USD','AAPL','NMS','EQUITY',345479400,1710360002,1,-14400,'EDT','America/New_York',171.13,2,'1d','1mo','1d,5d,1mo,3mo,6mo,1y,2y,5y,10y,ytd,max',45,43,44),('USD','AMGN','NMS','EQUITY',424704600,1710360002,1,-14400,'EDT','America/New_York',275.99,2,'1d','1mo','1d,5d,1mo,3mo,6mo,1y,2y,5y,10y,ytd,max',21,19,20),('USD','AMZN','NMS','EQUITY',863703000,1710360001,1,-14400,'EDT','America/New_York',176.56,2,'1d','1mo','1d,5d,1mo,3mo,6mo,1y,2y,5y,10y,ytd,max',36,34,35),('USD','AXP','NYQ','EQUITY',76253400,1710360101,1,-14400,'EDT','America/New_York',222.81,2,'1d','1mo','1d,5d,1mo,3mo,6mo,1y,2y,5y,10y,ytd,max',6,4,5),('USD','BA','NYQ','EQUITY',-252322200,1710360002,1,-14400,'EDT','America/New_York',182.35,2,'1d','1mo','1d,5d,1mo,3mo,6mo,1y,2y,5y,10y,ytd,max',3,1,2),('USD','CAT','NYQ','EQUITY',-252322200,1710360002,1,-14400,'EDT','America/New_York',341.52,2,'1d','1mo','1d,5d,1mo,3mo,6mo,1y,2y,5y,10y,ytd,max',51,49,50),('USD','CRM','NYQ','EQUITY',1087997400,1710360002,1,-14400,'EDT','America/New_York',304.68,2,'1d','1mo','1d,5d,1mo,3mo,6mo,1y,2y,5y,10y,ytd,max',24,22,23),('USD','CSCO','NMS','EQUITY',635178600,1710360002,1,-14400,'EDT','America/New_York',50.11,2,'1d','1mo','1d,5d,1mo,3mo,6mo,1y,2y,5y,10y,ytd,max',15,13,14),('USD','CVX','NYQ','EQUITY',-252322200,1710360103,1,-14400,'EDT','America/New_York',153.89,2,'1d','1mo','1d,5d,1mo,3mo,6mo,1y,2y,5y,10y,ytd,max',39,37,38),('USD','DIS','NYQ','EQUITY',-252322200,1710360115,1,-14400,'EDT','America/New_York',112.50,2,'1d','1mo','1d,5d,1mo,3mo,6mo,1y,2y,5y,10y,ytd,max',48,46,47),('USD','DOW','NYQ','EQUITY',1553088600,1710360002,1,-14400,'EDT','America/New_York',57.97,2,'1d','1mo','1d,5d,1mo,3mo,6mo,1y,2y,5y,ytd,max',54,52,53),('USD','GSHD','NMS','EQUITY',1524835800,1710360001,1,-14400,'EDT','America/New_York',75.75,2,'1d','1mo','1d,5d,1mo,3mo,6mo,1y,2y,5y,10y,ytd,max',12,10,11),('USD','HON','NMS','EQUITY',-252322200,1710360002,1,-14400,'EDT','America/New_York',199.73,2,'1d','1mo','1d,5d,1mo,3mo,6mo,1y,2y,5y,10y,ytd,max',57,55,56),('USD','IBM','NYQ','EQUITY',-252322200,1710360002,1,-14400,'EDT','America/New_York',196.70,2,'1d','1mo','1d,5d,1mo,3mo,6mo,1y,2y,5y,10y,ytd,max',69,67,68),('USD','INTC','NMS','EQUITY',322151400,1710360002,1,-14400,'EDT','America/New_York',43.23,2,'1d','1mo','1d,5d,1mo,3mo,6mo,1y,2y,5y,10y,ytd,max',66,64,65),('USD','JNJ','NYQ','EQUITY',-252322200,1710360002,1,-14400,'EDT','America/New_York',161.10,2,'1d','1mo','1d,5d,1mo,3mo,6mo,1y,2y,5y,10y,ytd,max',75,73,74),('USD','JPM','NYQ','EQUITY',322151400,1710360002,1,-14400,'EDT','America/New_York',191.38,2,'1d','1mo','1d,5d,1mo,3mo,6mo,1y,2y,5y,10y,ytd,max',78,76,77),('USD','KO','NYQ','EQUITY',-252322200,1710360002,1,-14400,'EDT','America/New_York',61.12,2,'1d','1mo','1d,5d,1mo,3mo,6mo,1y,2y,5y,10y,ytd,max',42,40,41),('USD','MCD','NYQ','EQUITY',-110197800,1710360002,1,-14400,'EDT','America/New_York',282.86,2,'1d','1mo','1d,5d,1mo,3mo,6mo,1y,2y,5y,10y,ytd,max',84,82,83),('USD','MMM','NYQ','EQUITY',-252322200,1710360137,1,-14400,'EDT','America/New_York',104.07,2,'1d','1mo','1d,5d,1mo,3mo,6mo,1y,2y,5y,10y,ytd,max',33,31,32),('USD','MRK','NYQ','EQUITY',-252322200,1710360002,1,-14400,'EDT','America/New_York',122.16,2,'1d','1mo','1d,5d,1mo,3mo,6mo,1y,2y,5y,10y,ytd,max',18,16,17),('USD','MSFT','NMS','EQUITY',511108200,1710360001,1,-14400,'EDT','America/New_York',415.10,2,'1d','1mo','1d,5d,1mo,3mo,6mo,1y,2y,5y,10y,ytd,max',9,7,8),('USD','NKE','NYQ','EQUITY',344615400,1710360002,1,-14400,'EDT','America/New_York',101.36,2,'1d','1mo','1d,5d,1mo,3mo,6mo,1y,2y,5y,10y,ytd,max',81,79,80),('USD','PG','NYQ','EQUITY',-252322200,1710360002,1,-14400,'EDT','America/New_York',162.30,2,'1d','1mo','1d,5d,1mo,3mo,6mo,1y,2y,5y,10y,ytd,max',27,25,26),('USD','TRV','NYQ','EQUITY',185466600,1710360002,1,-14400,'EDT','America/New_York',223.49,2,'1d','1mo','1d,5d,1mo,3mo,6mo,1y,2y,5y,10y,ytd,max',30,28,29),('USD','UNH','NYQ','EQUITY',466867800,1710360002,1,-14400,'EDT','America/New_York',488.00,2,'1d','1mo','1d,5d,1mo,3mo,6mo,1y,2y,5y,10y,ytd,max',60,58,59),('USD','VZ','NYQ','EQUITY',438273000,1710360002,1,-14400,'EDT','America/New_York',40.26,2,'1d','1mo','1d,5d,1mo,3mo,6mo,1y,2y,5y,10y,ytd,max',72,70,71),('USD','WMT','NYQ','EQUITY',83597400,1710360001,1,-14400,'EDT','America/New_York',61.28,2,'1d','1mo','1d,5d,1mo,3mo,6mo,1y,2y,5y,10y,ytd,max',63,61,62);
/*!40000 ALTER TABLE `stock` ENABLE KEYS */;
UNLOCK TABLES;

--
-- Table structure for table `stock_comment`
--

DROP TABLE IF EXISTS `stock_comment`;
/*!40101 SET @saved_cs_client     = @@character_set_client */;
/*!50503 SET character_set_client = utf8mb4 */;
CREATE TABLE `stock_comment` (
  `comment_id` int NOT NULL AUTO_INCREMENT,
  `title` varchar(50) NOT NULL,
  `content` longtext NOT NULL,
  `comment_time` datetime(6) NOT NULL,
  `stock_symbol_id` varchar(10) NOT NULL,
  `user_id_id` int NOT NULL,
  PRIMARY KEY (`comment_id`),
  KEY `stock_comment_stock_symbol_id_dbfaf243_fk_stock_symbol` (`stock_symbol_id`),
  KEY `stock_comment_user_id_id_82aad8d5_fk_user_user_id` (`user_id_id`),
  CONSTRAINT `stock_comment_stock_symbol_id_dbfaf243_fk_stock_symbol` FOREIGN KEY (`stock_symbol_id`) REFERENCES `stock` (`symbol`),
  CONSTRAINT `stock_comment_user_id_id_82aad8d5_fk_user_user_id` FOREIGN KEY (`user_id_id`) REFERENCES `user` (`user_id`)
) ENGINE=InnoDB AUTO_INCREMENT=21 DEFAULT CHARSET=utf8mb4 COLLATE=utf8mb4_0900_ai_ci;
/*!40101 SET character_set_client = @saved_cs_client */;

--
-- Dumping data for table `stock_comment`
--

LOCK TABLES `stock_comment` WRITE;
/*!40000 ALTER TABLE `stock_comment` DISABLE KEYS */;
INSERT INTO `stock_comment` VALUES (1,'Great Stock','This stock has been performing really well. Highly recommend!','2024-03-14 04:14:00.471957','AAPL',1),(2,'Undervalued Gem','This stock is currently undervalued and presents a great buying opportunity.','2024-03-14 04:14:00.475226','AAPL',1),(3,'Great Stock','This stock has been performing really well. Highly recommend!','2024-03-14 04:14:00.477499','AMGN',1),(4,'Undervalued Gem','This stock is currently undervalued and presents a great buying opportunity.','2024-03-14 04:14:00.479448','AMGN',1),(5,'Great Stock','This stock has been performing really well. Highly recommend!','2024-03-14 04:14:00.481777','AMZN',1),(6,'Undervalued Gem','This stock is currently undervalued and presents a great buying opportunity.','2024-03-14 04:14:00.484675','AMZN',1),(7,'Great Stock','This stock has been performing really well. Highly recommend!','2024-03-14 04:14:00.487094','AXP',1),(8,'Undervalued Gem','This stock is currently undervalued and presents a great buying opportunity.','2024-03-14 04:14:00.489462','AXP',1),(9,'Great Stock','This stock has been performing really well. Highly recommend!','2024-03-14 04:14:00.491354','BA',1),(10,'Undervalued Gem','This stock is currently undervalued and presents a great buying opportunity.','2024-03-14 04:14:00.493132','BA',1),(11,'Great Stock','This stock has been performing really well. Highly recommend!','2024-03-14 04:14:00.495368','CAT',1),(12,'Undervalued Gem','This stock is currently undervalued and presents a great buying opportunity.','2024-03-14 04:14:00.497516','CAT',1),(13,'Great Stock','This stock has been performing really well. Highly recommend!','2024-03-14 04:14:00.499326','CRM',1),(14,'Undervalued Gem','This stock is currently undervalued and presents a great buying opportunity.','2024-03-14 04:14:00.501626','CRM',1),(15,'Great Stock','This stock has been performing really well. Highly recommend!','2024-03-14 04:14:00.503853','CSCO',1),(16,'Undervalued Gem','This stock is currently undervalued and presents a great buying opportunity.','2024-03-14 04:14:00.505793','CSCO',1),(17,'Great Stock','This stock has been performing really well. Highly recommend!','2024-03-14 04:14:00.507420','CVX',1),(18,'Undervalued Gem','This stock is currently undervalued and presents a great buying opportunity.','2024-03-14 04:14:00.509061','CVX',1),(19,'Great Stock','This stock has been performing really well. Highly recommend!','2024-03-14 04:14:00.510841','DIS',1),(20,'Undervalued Gem','This stock is currently undervalued and presents a great buying opportunity.','2024-03-14 04:14:00.512484','DIS',1);
/*!40000 ALTER TABLE `stock_comment` ENABLE KEYS */;
UNLOCK TABLES;

--
-- Table structure for table `trading_period`
--

DROP TABLE IF EXISTS `trading_period`;
/*!40101 SET @saved_cs_client     = @@character_set_client */;
/*!50503 SET character_set_client = utf8mb4 */;
CREATE TABLE `trading_period` (
  `id` int NOT NULL AUTO_INCREMENT,
  `timezone` varchar(50) NOT NULL,
  `start` bigint NOT NULL,
  `end` bigint NOT NULL,
  `gmtoffset` int NOT NULL,
  PRIMARY KEY (`id`)
) ENGINE=InnoDB AUTO_INCREMENT=169 DEFAULT CHARSET=utf8mb4 COLLATE=utf8mb4_0900_ai_ci;
/*!40101 SET character_set_client = @saved_cs_client */;

--
-- Dumping data for table `trading_period`
--

LOCK TABLES `trading_period` WRITE;
/*!40000 ALTER TABLE `trading_period` DISABLE KEYS */;
INSERT INTO `trading_period` VALUES (1,'EDT',1710403200,1710423000,-14400),(2,'EDT',1710423000,1710446400,-14400),(3,'EDT',1710446400,1710460800,-14400),(4,'EDT',1710403200,1710423000,-14400),(5,'EDT',1710423000,1710446400,-14400),(6,'EDT',1710446400,1710460800,-14400),(7,'EDT',1710403200,1710423000,-14400),(8,'EDT',1710423000,1710446400,-14400),(9,'EDT',1710446400,1710460800,-14400),(10,'EDT',1710403200,1710423000,-14400),(11,'EDT',1710423000,1710446400,-14400),(12,'EDT',1710446400,1710460800,-14400),(13,'EDT',1710403200,1710423000,-14400),(14,'EDT',1710423000,1710446400,-14400),(15,'EDT',1710446400,1710460800,-14400),(16,'EDT',1710403200,1710423000,-14400),(17,'EDT',1710423000,1710446400,-14400),(18,'EDT',1710446400,1710460800,-14400),(19,'EDT',1710403200,1710423000,-14400),(20,'EDT',1710423000,1710446400,-14400),(21,'EDT',1710446400,1710460800,-14400),(22,'EDT',1710403200,1710423000,-14400),(23,'EDT',1710423000,1710446400,-14400),(24,'EDT',1710446400,1710460800,-14400),(25,'EDT',1710403200,1710423000,-14400),(26,'EDT',1710423000,1710446400,-14400),(27,'EDT',1710446400,1710460800,-14400),(28,'EDT',1710403200,1710423000,-14400),(29,'EDT',1710423000,1710446400,-14400),(30,'EDT',1710446400,1710460800,-14400),(31,'EDT',1710403200,1710423000,-14400),(32,'EDT',1710423000,1710446400,-14400),(33,'EDT',1710446400,1710460800,-14400),(34,'EDT',1710403200,1710423000,-14400),(35,'EDT',1710423000,1710446400,-14400),(36,'EDT',1710446400,1710460800,-14400),(37,'EDT',1710403200,1710423000,-14400),(38,'EDT',1710423000,1710446400,-14400),(39,'EDT',1710446400,1710460800,-14400),(40,'EDT',1710403200,1710423000,-14400),(41,'EDT',1710423000,1710446400,-14400),(42,'EDT',1710446400,1710460800,-14400),(43,'EDT',1710403200,1710423000,-14400),(44,'EDT',1710423000,1710446400,-14400),(45,'EDT',1710446400,1710460800,-14400),(46,'EDT',1710403200,1710423000,-14400),(47,'EDT',1710423000,1710446400,-14400),(48,'EDT',1710446400,1710460800,-14400),(49,'EDT',1710403200,1710423000,-14400),(50,'EDT',1710423000,1710446400,-14400),(51,'EDT',1710446400,1710460800,-14400),(52,'EDT',1710403200,1710423000,-14400),(53,'EDT',1710423000,1710446400,-14400),(54,'EDT',1710446400,1710460800,-14400),(55,'EDT',1710403200,1710423000,-14400),(56,'EDT',1710423000,1710446400,-14400),(57,'EDT',1710446400,1710460800,-14400),(58,'EDT',1710403200,1710423000,-14400),(59,'EDT',1710423000,1710446400,-14400),(60,'EDT',1710446400,1710460800,-14400),(61,'EDT',1710403200,1710423000,-14400),(62,'EDT',1710423000,1710446400,-14400),(63,'EDT',1710446400,1710460800,-14400),(64,'EDT',1710403200,1710423000,-14400),(65,'EDT',1710423000,1710446400,-14400),(66,'EDT',1710446400,1710460800,-14400),(67,'EDT',1710403200,1710423000,-14400),(68,'EDT',1710423000,1710446400,-14400),(69,'EDT',1710446400,1710460800,-14400),(70,'EDT',1710403200,1710423000,-14400),(71,'EDT',1710423000,1710446400,-14400),(72,'EDT',1710446400,1710460800,-14400),(73,'EDT',1710403200,1710423000,-14400),(74,'EDT',1710423000,1710446400,-14400),(75,'EDT',1710446400,1710460800,-14400),(76,'EDT',1710403200,1710423000,-14400),(77,'EDT',1710423000,1710446400,-14400),(78,'EDT',1710446400,1710460800,-14400),(79,'EDT',1710403200,1710423000,-14400),(80,'EDT',1710423000,1710446400,-14400),(81,'EDT',1710446400,1710460800,-14400),(82,'EDT',1710403200,1710423000,-14400),(83,'EDT',1710423000,1710446400,-14400),(84,'EDT',1710446400,1710460800,-14400);
/*!40000 ALTER TABLE `trading_period` ENABLE KEYS */;
UNLOCK TABLES;

--
-- Table structure for table `user`
--

DROP TABLE IF EXISTS `user`;
/*!40101 SET @saved_cs_client     = @@character_set_client */;
/*!50503 SET character_set_client = utf8mb4 */;
CREATE TABLE `user` (
  `user_id` int NOT NULL AUTO_INCREMENT,
  `user_name` varchar(45) NOT NULL,
  `password` varchar(45) NOT NULL,
  `user_gender` varchar(10) NOT NULL,
  `phone_number` varchar(45) NOT NULL,
  `user_email` varchar(254) NOT NULL,
  `photo` varchar(100) NOT NULL,
  `account_balance` double DEFAULT NULL,
  `last_login` datetime(6) NOT NULL,
  PRIMARY KEY (`user_id`),
  UNIQUE KEY `user_email` (`user_email`)
) ENGINE=InnoDB AUTO_INCREMENT=7 DEFAULT CHARSET=utf8mb4 COLLATE=utf8mb4_0900_ai_ci;
/*!40101 SET character_set_client = @saved_cs_client */;

--
-- Dumping data for table `user`
--

LOCK TABLES `user` WRITE;
/*!40000 ALTER TABLE `user` DISABLE KEYS */;
INSERT INTO `user` VALUES (1,'Alice','password123','Female','1234567890','alice@example.com','user-128.png',10000,'2024-03-14 04:13:59.720182'),(2,'Bob','password123','Male','2345678901','bob@example.com','user-128.png',20000,'2024-03-14 04:13:59.725443'),(3,'Charlie','password123','Male','3456789012','charlie@example.com','user-128.png',30000,'2024-03-14 04:13:59.728292'),(4,'Diana','password123','Female','4567890123','diana@example.com','user-128.png',40000,'2024-03-14 04:13:59.730760'),(5,'Eve','password123','Female','5678901234','eve@example.com','user-128.png',50000,'2024-03-14 04:13:59.733683');
/*!40000 ALTER TABLE `user` ENABLE KEYS */;
UNLOCK TABLES;

--
-- Table structure for table `user_notification`
--

DROP TABLE IF EXISTS `user_notification`;
/*!40101 SET @saved_cs_client     = @@character_set_client */;
/*!50503 SET character_set_client = utf8mb4 */;
CREATE TABLE `user_notification` (
  `id` int NOT NULL AUTO_INCREMENT,
  `title` varchar(255) NOT NULL,
  `message` longtext NOT NULL,
  `read` tinyint(1) NOT NULL,
  `created_at` datetime(6) NOT NULL,
  `user_id` int NOT NULL,
  PRIMARY KEY (`id`),
  KEY `user_notification_user_id_66a31b4a_fk_user_user_id` (`user_id`),
  CONSTRAINT `user_notification_user_id_66a31b4a_fk_user_user_id` FOREIGN KEY (`user_id`) REFERENCES `user` (`user_id`)
) ENGINE=InnoDB AUTO_INCREMENT=5 DEFAULT CHARSET=utf8mb4 COLLATE=utf8mb4_0900_ai_ci;
/*!40101 SET character_set_client = @saved_cs_client */;

--
-- Dumping data for table `user_notification`
--

LOCK TABLES `user_notification` WRITE;
/*!40000 ALTER TABLE `user_notification` DISABLE KEYS */;
INSERT INTO `user_notification` VALUES (1,'System Update','We will be performing a system update this weekend.',0,'2024-03-14 04:14:00.602149',1),(2,'New Feature','Check out our new feature in the latest app update!',0,'2024-03-14 04:14:00.604785',1),(3,'System Update','We will be performing a system update this weekend.',0,'2024-03-14 04:14:00.607089',2),(4,'New Feature','Check out our new feature in the latest app update!',0,'2024-03-14 04:14:00.609601',2);
/*!40000 ALTER TABLE `user_notification` ENABLE KEYS */;
UNLOCK TABLES;

--
-- Table structure for table `watchlist`
--

DROP TABLE IF EXISTS `watchlist`;
/*!40101 SET @saved_cs_client     = @@character_set_client */;
/*!50503 SET character_set_client = utf8mb4 */;
CREATE TABLE `watchlist` (
  `id` int NOT NULL AUTO_INCREMENT,
  `stock_symbol_id` varchar(10) NOT NULL,
  `user_id_id` int NOT NULL,
  PRIMARY KEY (`id`),
  KEY `watchlist_stock_symbol_id_94627195_fk_stock_symbol` (`stock_symbol_id`),
  KEY `watchlist_user_id_id_e541eb64_fk_user_user_id` (`user_id_id`),
  CONSTRAINT `watchlist_stock_symbol_id_94627195_fk_stock_symbol` FOREIGN KEY (`stock_symbol_id`) REFERENCES `stock` (`symbol`),
  CONSTRAINT `watchlist_user_id_id_e541eb64_fk_user_user_id` FOREIGN KEY (`user_id_id`) REFERENCES `user` (`user_id`)
) ENGINE=InnoDB AUTO_INCREMENT=27 DEFAULT CHARSET=utf8mb4 COLLATE=utf8mb4_0900_ai_ci;
/*!40101 SET character_set_client = @saved_cs_client */;

--
-- Dumping data for table `watchlist`
--

LOCK TABLES `watchlist` WRITE;
/*!40000 ALTER TABLE `watchlist` DISABLE KEYS */;
INSERT INTO `watchlist` VALUES (1,'AAPL',1),(2,'AMGN',1),(3,'AMZN',1),(4,'AXP',1),(5,'BA',1),(6,'CAT',1),(7,'CRM',1),(8,'CSCO',1),(9,'CVX',1),(10,'DIS',1),(11,'AAPL',2),(12,'AMGN',2),(13,'AMZN',2),(14,'AXP',2),(15,'BA',2),(16,'CAT',2),(17,'CRM',2),(18,'CSCO',2),(19,'CVX',2),(20,'DIS',2),(21,'AAPL',3),(22,'AMGN',3),(23,'AAPL',4),(24,'AMGN',4),(25,'AAPL',5),(26,'AMGN',5);
/*!40000 ALTER TABLE `watchlist` ENABLE KEYS */;
UNLOCK TABLES;
/*!40103 SET TIME_ZONE=@OLD_TIME_ZONE */;

/*!40101 SET SQL_MODE=@OLD_SQL_MODE */;
/*!40014 SET FOREIGN_KEY_CHECKS=@OLD_FOREIGN_KEY_CHECKS */;
/*!40014 SET UNIQUE_CHECKS=@OLD_UNIQUE_CHECKS */;
/*!40101 SET CHARACTER_SET_CLIENT=@OLD_CHARACTER_SET_CLIENT */;
/*!40101 SET CHARACTER_SET_RESULTS=@OLD_CHARACTER_SET_RESULTS */;
/*!40101 SET COLLATION_CONNECTION=@OLD_COLLATION_CONNECTION */;
/*!40111 SET SQL_NOTES=@OLD_SQL_NOTES */;

-- Dump completed on 2024-03-14  4:23:27
